name,active,path,description_text,description_html,price,main_image,gallery_images,tastes,similar_products,similar_product_images
KFD Premium Creatine - 500 g (Kreatyna - Monohydrat),1,Strona główna/Odżywki i suplementy/Kreatyna/Monohydrat kreatyny,"Istotne:
wersja
naturalna monohydratu kreatyny
charakteryzuje się lekko słonawym posmakiem. Jest to wersja bez aromatów i dodatków smakowych więc charakterystyczny posmak jest naturalną cechą produktu.
Ze względu na częste pytania - nie zalecamy spożywania kreatyny dla osób poniżej 18 roku życia. Warto pamiętać, że suplementy diety są tylko dodatkiem i wiele można zdziałać samą dietą i treningiem.
KFD Creatine
to suplement diety zawierający w 100% czysty monohydrat kreatyny 200 mesh.
Kreatyna to naturalnie występująca w organizmie człowieka substancja. Monohydrat kreatyny, przez wzgląd na udokumentowane i wszechstronne działanie w zakresie wspierania wysiłku, jest jednym z najczęściej wybieranych suplementów dla sportowców, niezależnie od uprawianej dyscypliny. Została zaklasyfikowana w grupie ""A"" przez Australian Institute of Sport, jako jeden z suplementów o potwierdzonym przez mocne dowody naukowe działaniu.
Kreatyna
może być dostarczona z pożywieniem, a także jest ona syntezowana w organizmie (w większości występuje w mięśniach) i w procesie fosforylacji zamieniana jest na fosfokreatynę, stanowiąc ""awaryjne źródło"" ATP.
Suplementacja już 3 g czystej kreatyny dziennie zwiększa wydolność fizyczną w przypadku następujących po sobie krótkich, bardzo intensywnych ćwiczeń fizycznych, dzięki czemu jest tak popularna nie tylko w sportach siłowych, ale i w sportach walki, lekkoatletyce, a nawet w sportach o mieszanej specyfice wysiłku, takiej jak sporty zespołowe.
Niektóre publikacje naukowe na temat kreatyny:
1.
https://www.ncbi.nlm.nih.gov/pmc/articles/PMC5469049/
2.
https://www.ncbi.nlm.nih.gov/pubmed/20026378
3.
https://www.ncbi.nlm.nih.gov/pmc/articles/PMC6093191/
4.
https://jissn.biomedcentral.com/articles/10.1186/s12970-017-0173-z
Źródła:
1.
https://pl.wikipedia.org/wiki/Kreatyna
2. J. Volek, N. Duncan, S. Mazzetti, R. Staron, M. Putukian, A. Gómez, D. Pearson, W. Fink, W. Kraemer. Performance and muscle fiber adaptations to creatine supplementation and heavy resistance training. „Medicine & Science in Sports & Exercise”. 31 (8), s. 1147–1156, 1999. DOI: 10.1097/00005768-199908000-00011.
3. R. L. Dempsey, M. F. Mazzone, L. N. Meurer. Does oral creatine supplementation improve strength? A meta-analysis.. „J Fam Pract.”. 51 (11), s. 945-51, 2002. PMID: 12485548.
Richard B. Kreider. Effects of creatine supplementation on performance and training adaptations. „Molecular and Cellular Biochemistry”. 244 (1/2), s. 89–94, 2003. DOI: 10.1023/A:1022465203458.
4. Luc J. C. van Loon, Audrey M. Oosterlaar, Fred Hartgens, Matthijs K. C. Hesselink i inni. Effects of creatine loading and prolonged creatine supplementation on body composition, fuel selection, sprint and endurance performance in humans. „Clinical Science”. 104 (2), s. 153, 2003. DOI: 10.1042/CS20020159.","<div class=""product-description""><p align=""left""><b>Istotne:</b> wersja <strong>naturalna monohydratu kreatyny</strong> charakteryzuje się lekko słonawym posmakiem. Jest to wersja bez aromatów i dodatków smakowych więc charakterystyczny posmak jest naturalną cechą produktu.<br/>Ze względu na częste pytania - nie zalecamy spożywania kreatyny dla osób poniżej 18 roku życia. Warto pamiętać, że suplementy diety są tylko dodatkiem i wiele można zdziałać samą dietą i treningiem. </p><p align=""left""><strong>KFD Creatine</strong> to suplement diety zawierający w 100% czysty monohydrat kreatyny 200 mesh. <br/>Kreatyna to naturalnie występująca w organizmie człowieka substancja. Monohydrat kreatyny, przez wzgląd na udokumentowane i wszechstronne działanie w zakresie wspierania wysiłku, jest jednym z najczęściej wybieranych suplementów dla sportowców, niezależnie od uprawianej dyscypliny. Została zaklasyfikowana w grupie ""A"" przez Australian Institute of Sport, jako jeden z suplementów o potwierdzonym przez mocne dowody naukowe działaniu.</p><p align=""left""><strong>Kreatyna</strong> może być dostarczona z pożywieniem, a także jest ona syntezowana w organizmie (w większości występuje w mięśniach) i w procesie fosforylacji zamieniana jest na fosfokreatynę, stanowiąc ""awaryjne źródło"" ATP.</p><p align=""left"">Suplementacja już 3 g czystej kreatyny dziennie zwiększa wydolność fizyczną w przypadku następujących po sobie krótkich, bardzo intensywnych ćwiczeń fizycznych, dzięki czemu jest tak popularna nie tylko w sportach siłowych, ale i w sportach walki, lekkoatletyce, a nawet w sportach o mieszanej specyfice wysiłku, takiej jak sporty zespołowe.</p><p align=""left"">Niektóre publikacje naukowe na temat kreatyny:</p><div id=""sdfootnote1""><p>1. <a href=""https://www.ncbi.nlm.nih.gov/pmc/articles/PMC5469049/"" rel=""noreferrer noopener"" target=""_blank"">https://www.ncbi.nlm.nih.gov/pmc/articles/PMC5469049/</a></p><p>2. <a href=""https://www.ncbi.nlm.nih.gov/pubmed/20026378"" rel=""noreferrer noopener"" target=""_blank"">https://www.ncbi.nlm.nih.gov/pubmed/20026378</a></p><p>3. <a href=""https://www.ncbi.nlm.nih.gov/pmc/articles/PMC6093191/"" rel=""noreferrer noopener"" target=""_blank"">https://www.ncbi.nlm.nih.gov/pmc/articles/PMC6093191/</a></p><p>4. <a href=""https://jissn.biomedcentral.com/articles/10.1186/s12970-017-0173-z"" rel=""noreferrer noopener"" target=""_blank"">https://jissn.biomedcentral.com/articles/10.1186/s12970-017-0173-z</a></p><p></p><p><strong>Źródła:</strong></p><p>1. <a href=""https://pl.wikipedia.org/wiki/Kreatyna"" rel=""noreferrer noopener"" target=""_blank"">https://pl.wikipedia.org/wiki/Kreatyna </a></p><p>2. J. Volek, N. Duncan, S. Mazzetti, R. Staron, M. Putukian, A. Gómez, D. Pearson, W. Fink, W. Kraemer. Performance and muscle fiber adaptations to creatine supplementation and heavy resistance training. „Medicine &amp; Science in Sports &amp; Exercise”. 31 (8), s. 1147–1156, 1999. DOI: 10.1097/00005768-199908000-00011.</p><p>3. R. L. Dempsey, M. F. Mazzone, L. N. Meurer. Does oral creatine supplementation improve strength? A meta-analysis.. „J Fam Pract.”. 51 (11), s. 945-51, 2002. PMID: 12485548.</p><p>Richard B. Kreider. Effects of creatine supplementation on performance and training adaptations. „Molecular and Cellular Biochemistry”. 244 (1/2), s. 89–94, 2003. DOI: 10.1023/A:1022465203458.</p><p>4. Luc J. C. van Loon, Audrey M. Oosterlaar, Fred Hartgens, Matthijs K. C. Hesselink i inni. Effects of creatine loading and prolonged creatine supplementation on body composition, fuel selection, sprint and endurance performance in humans. „Clinical Science”. 104 (2), s. 153, 2003. DOI: 10.1042/CS20020159.<br/><br/><iframe frameborder=""0"" height=""315"" src=""https://www.youtube.com/embed/2NuwZoxZkp4"" width=""560""></iframe></p></div></div>",35.99,https://sklep.kfd.pl/9306-medium_default/kfd-premium-creatine-500-g-kreatyna-monohydrat.jpg,https://sklep.kfd.pl/9306-medium_default/kfd-premium-creatine-500-g-kreatyna-monohydrat.jpg,tropikalny|naturalny|ananasowy|arbuzowy|grenadynowy|kaktusowy|zielone jabłko|lemoniada|kiwi-agrest|pomarańczowo-cytrynowy|truskawkowo-poziomkowy|jabłkowo-gruszkowy|malinowo-jagodowy|ananasowo-pomarańczowy|pomarańczowo-grejpfrutowy,https://sklep.kfd.pl/kfd-premium-creatine-250-g-kreatyna-monohydrat-p-8046.html|https://sklep.kfd.pl/kfd-ashwagandha-ksm-66-90-tabl-p-8694.html|https://sklep.kfd.pl/kfd-ashwagandha-ksm-66-180-tabl-p-6549.html|https://sklep.kfd.pl/kfd-zen-szen-koreanski-panax-ginseng-120-tabl-p-6719.html|https://sklep.kfd.pl/kfd-ultra-creatine-1000-creapure-225-kaps-p-8327.html,https://sklep.kfd.pl/13776-large_default/kfd-premium-creatine-250-g-kreatyna-monohydrat.jpg|https://sklep.kfd.pl/16768-large_default/kfd-ashwagandha-ksm-66-90-tabl.jpg|https://sklep.kfd.pl/14852-large_default/kfd-ashwagandha-ksm-66-180-tabl.jpg|https://sklep.kfd.pl/9329-large_default/kfd-zen-szen-koreanski-panax-ginseng-120-tabl.jpg|https://sklep.kfd.pl/14694-large_default/kfd-ultra-creatine-1000-creapure-225-kaps.jpg
"KFD Premium WPC 82 XXL (0,9 kg) - (WPC 80) - 900 g",1,Strona główna/Odżywki i suplementy/Białko/Białko serwatkowe,"KFD Premium WPC 82 - 900 g to powiększona wersja produktu o gramaturze 700 g
. Produkt to wysokiej jakości, instantyzowany koncentrat białka serwatkowego użyty jako główny składnik produktu.
Produkt wyróżnia się dobrą kompozycją smakową (w opcji promocyjnej - wybrane smaki z naszej bogatej oferty, pozostałe smaki są tutaj (w opcji 700 g) -
https://sklep.kfd.pl/kfd-premium-wpc-80-700-g-bialko-p-4077.html
)
Używany przez nas surowiec jest instantyzowany - to znaczy, że charakteryzuje się doskonałą rozpuszczalnością, a po przygotowaniu nie powstaje uporczywa piana.
FAQ
1. Lubię bardziej intensywne smaki, czy możliwe jest aby smak był bardziej wyrazisty?
Tak, wystarczy zmniejszyć ilość płynu z 200 na 150 lub 170 ml. Jeśli smak ma być jeszcze bardziej wyrazisty, należy użyć mleka a nie wody. Zawarty cukier oraz tłuszcz w mleku, dodatkowo podkreśli smak.
2. Wolę jeszcze bardziej delikatne smaki, co zrobić aby smak był mniej wyrazisty?
Wystarczy zwiększyć ilość płynu z 200 na 220 lub 250 ml. Smaki są mniej wyraziste jeśli używamy wody zamiast mleka.
UWAGI:
Wariant
""ciasteczkowy""
dla wzbogacenia kompozycji smakowej od zawsze zawiera aromat rumu. Alkoholowy zapach i posmak białka jest prawidłowy i warto to mieć na uwadze planując zakupy.
Warto zwrócić uwagę, że jest to produkt o zawartości ok. 80% białka w suchej masie, więc smaki, pomimo naszych najszczerszych starań, nie będą smakować identycznie jak znane produkty spożywcze zawierające ok. 99% tłuszczu i cukru w składzie. Staramy się robić wszystko, aby produkt wysokobiałkowy był możliwe jak najlepszy w smaku przy zachowaniu najwyższej zawartości białka. W przeciwieństwie do innych firm, które psują jakość produktów, obniżając udział białka nawet o 20-30%, zastępując je np. glicyną lub cukrem, priorytetem dla nas jest wysoka przyswajalność i koncentracja składników aktywnych.
Wartości odżywcze mogą się różnić o kilka procent w zależności od wersji smakowej i/lub partii surowca w przypadku wersji 900 g. Zazwyczaj różnice wynikają jedynie z różnic w danej partii surowca.
Badania w zakładce: Informacje żywieniowe/badania","<div class=""product-description""><p><strong>KFD Premium WPC 82 - 900 g to powiększona wersja produktu o gramaturze 700 g</strong>. Produkt to wysokiej jakości, instantyzowany koncentrat białka serwatkowego użyty jako główny składnik produktu.<br/><br/>Produkt wyróżnia się dobrą kompozycją smakową (w opcji promocyjnej - wybrane smaki z naszej bogatej oferty, pozostałe smaki są tutaj (w opcji 700 g) - <a href=""https://sklep.kfd.pl/kfd-premium-wpc-80-700-g-bialko-p-4077.html"">https://sklep.kfd.pl/kfd-premium-wpc-80-700-g-bialko-p-4077.html</a>)</p><p>Używany przez nas surowiec jest instantyzowany - to znaczy, że charakteryzuje się doskonałą rozpuszczalnością, a po przygotowaniu nie powstaje uporczywa piana.</p><center><iframe frameborder=""0"" height=""315"" src=""https://www.youtube.com/embed/-FU7nLv7gZs"" style=""margin-left:auto;margin-right:auto;"" title=""YouTube video player"" width=""560""></iframe></center><p></p><p><strong>FAQ</strong><strong></strong></p><p><strong>1. Lubię bardziej intensywne smaki, czy możliwe jest aby smak był bardziej wyrazisty?</strong></p><p>Tak, wystarczy zmniejszyć ilość płynu z 200 na 150 lub 170 ml.  Jeśli smak ma być jeszcze bardziej wyrazisty, należy użyć mleka a nie wody. Zawarty cukier oraz tłuszcz w mleku, dodatkowo podkreśli smak. <br/><br/><strong>2. Wolę jeszcze bardziej delikatne smaki, co zrobić aby smak był mniej wyrazisty?</strong></p><p>Wystarczy zwiększyć ilość płynu z 200 na 220 lub 250 ml. Smaki są mniej wyraziste jeśli używamy wody zamiast mleka. </p><p></p><p><strong>UWAGI:</strong></p><p>Wariant <strong>""ciasteczkowy""</strong> dla wzbogacenia kompozycji smakowej od zawsze zawiera aromat rumu. Alkoholowy zapach i posmak białka jest prawidłowy i warto to mieć na uwadze planując zakupy.</p><p>Warto zwrócić uwagę, że jest to produkt o zawartości ok. 80% białka w suchej masie, więc smaki, pomimo naszych najszczerszych starań, nie będą smakować identycznie jak znane produkty spożywcze zawierające ok. 99% tłuszczu i cukru w składzie. Staramy się robić wszystko, aby produkt wysokobiałkowy był możliwe jak najlepszy w smaku przy zachowaniu najwyższej zawartości białka. W przeciwieństwie do innych firm, które psują jakość produktów, obniżając udział białka nawet o 20-30%, zastępując je np. glicyną lub cukrem, priorytetem dla nas jest wysoka przyswajalność i koncentracja składników aktywnych.<br/>Wartości odżywcze mogą się różnić o kilka procent w zależności od wersji smakowej i/lub partii surowca w przypadku wersji 900 g. Zazwyczaj różnice wynikają jedynie z różnic w danej partii surowca.</p><p>Badania w zakładce: Informacje żywieniowe/badania</p></div>",77.77,https://sklep.kfd.pl/9723-medium_default/kfd-premium-xxl-09-kg-wpc-80-900-g.jpg,https://sklep.kfd.pl/9723-medium_default/kfd-premium-xxl-09-kg-wpc-80-900-g.jpg,kokosowy|biała czekolada|banan-truskawka|solony karmel|lody waniliowe,https://sklep.kfd.pl/kfd-premium-wpc-82-700-g-bialko-p-4077.html|https://sklep.kfd.pl/kfd-premium-wpi-90-700-g-izolat-p-7155.html|https://sklep.kfd.pl/kfd-pure-wpc-82-instant-700-g-bialko-serwatkowe-naturalne-p-6867.html|https://sklep.kfd.pl/kfd-premium-x-whey-wpi-wpc-wphgold-mix-540-g-p-4397.html|https://sklep.kfd.pl/nowy-kfd-regular-wpc-80-instant-bialko-750g-p-2451.html,https://sklep.kfd.pl/9604-large_default/kfd-premium-wpc-82-700-g-bialko.jpg|https://sklep.kfd.pl/9333-large_default/kfd-premium-wpi-90-700-g-izolat.jpg|https://sklep.kfd.pl/9675-large_default/kfd-pure-wpc-82-instant-700-g-bialko-serwatkowe-naturalne.jpg|https://sklep.kfd.pl/12640-large_default/kfd-premium-x-whey-wpi-wpc-wphgold-mix-540-g.jpg|https://sklep.kfd.pl/11301-large_default/nowy-kfd-regular-wpc-80-instant-bialko-750g.jpg
KFD Vitapak+ 90 tabl. (Organiczne Minerały i Witaminy),1,Strona główna/Zdrowie i kondycja/Witaminy i minerały/Zestaw witamin i minerałów,"KFD Vitapak+
to konkretny i uniwersalny zestaw witamin i minerałów w wygodnej formie tabletek powlekanych. Tworząc nasz produkt, szczególną uwagę przyłożyliśmy zarówno do umieszczenia w nim maksymalnych dopuszczonych dawek poszczególnych witamin i minerałów, ale równie ważnym jest zastosowanie możliwie najlepiej przyswajalnych form, takich jak organiczne sole minerałów, czy witamina D w formie cholekalcyferolu.
W literaturze anglojęzycznej bardzo często można spotkać się z tezą, że chelatowane wersje minerałów są zazwyczaj najlepiej przyswajalne. W Polsce przyjęło się, że chelaty to tylko związki minerałów z aminokwasami, jednakże w anglojęzycznych źródłach chodzi o wszelkie organiczne formy minerałów, zarówno te związane z aminokwasami, jak i z organicznymi kwasami (cytryniany, mleczany, maślany etc).
Zalety KFD Vitapak+:
- Aż 20 składników, w możliwie jak najwyższych dawkach.
- Wysoce przyswajalne formy witamin i minerałów - co potwierdzają publikacje naukowe, a nie wyłącznie marketing.
- Naszym zdaniem - produkt może zainteresować mężczyzn (w związku z dużą dawką cynku i selenu - odpowiednio 150% i 364% RWS).
- Może również być interesujący dla kobiet dbających o urodę, ze względu na 100% RWS żelaza, kwasu foliowego i biotyny.
- Zawartość magnezu, potasu i wapnia może uzupełnić niedobory elektrolitów, które są kluczowe dla każdej osoby aktywnej fizycznie.
- Opakowanie zawiera aż 45 dziennych porcji po 2 łatwe do połknięcia tabletki.
źródła:
1.
https://www.healthline.com/nutrition/chelated-minerals
Badania oraz etykieta
produktu znajdują się w zakładce ""informacja żywieniowa/ badania"", natomiast poniżej w ramach ciekawostki wrzucamy archiwalne badanie wykonane przez urząd za granicą:
Badanie na zawartość Witaminy D przez urząd weterynaryjny na Litwie (w czasie kontroli jednego ze sklepów).","<div class=""product-description""><p><strong>KFD Vitapak+</strong> to konkretny i uniwersalny zestaw witamin i minerałów w wygodnej formie tabletek powlekanych. Tworząc nasz produkt, szczególną uwagę przyłożyliśmy zarówno do umieszczenia w nim maksymalnych dopuszczonych dawek poszczególnych witamin i minerałów, ale równie ważnym jest zastosowanie możliwie najlepiej przyswajalnych form, takich jak organiczne sole minerałów, czy witamina D w formie cholekalcyferolu.</p><p>W literaturze anglojęzycznej bardzo często można spotkać się z tezą, że chelatowane wersje minerałów są zazwyczaj najlepiej przyswajalne. W Polsce przyjęło się, że chelaty to tylko związki minerałów z aminokwasami, jednakże w anglojęzycznych źródłach chodzi o wszelkie organiczne formy minerałów, zarówno te związane z aminokwasami, jak i z organicznymi kwasami (cytryniany, mleczany, maślany etc).</p><p><strong>Zalety KFD Vitapak+:</strong></p><p>- Aż 20 składników, w możliwie jak najwyższych dawkach.<br/>- Wysoce przyswajalne formy witamin i minerałów - co potwierdzają publikacje naukowe, a nie wyłącznie marketing.<br/>- Naszym zdaniem - produkt może zainteresować mężczyzn (w związku z dużą dawką cynku i selenu - odpowiednio 150% i 364% RWS).<br/>- Może również być interesujący dla kobiet dbających o urodę, ze względu na 100% RWS żelaza, kwasu foliowego i biotyny.<br/>- Zawartość magnezu, potasu i wapnia może uzupełnić niedobory elektrolitów, które są kluczowe dla każdej osoby aktywnej fizycznie.<br/>- Opakowanie zawiera aż 45 dziennych porcji po 2 łatwe do połknięcia tabletki.</p><p><b>źródła:</b></p><p><strong>1.</strong><b> <a href=""https://www.healthline.com/nutrition/chelated-minerals"">https://www.healthline.com/nutrition/chelated-minerals</a></b></p><p><b>Badania oraz etykieta</b> produktu znajdują się w zakładce ""informacja żywieniowa/ badania"", natomiast poniżej w ramach ciekawostki wrzucamy archiwalne badanie wykonane przez urząd za granicą:</p><p><a href=""https://sklep.kfd.pl/img/cms/vitapakd3.png"">Badanie na zawartość Witaminy D przez urząd weterynaryjny na Litwie (w czasie kontroli jednego ze sklepów). </a></p></div>",25.99,https://sklep.kfd.pl/9100-medium_default/kfd-vitapak-90-tabl-organiczne-mineraly-i-witaminy.jpg,https://sklep.kfd.pl/9100-medium_default/kfd-vitapak-90-tabl-organiczne-mineraly-i-witaminy.jpg,,https://sklep.kfd.pl/kfd-multivitamin-minerals-24-tabl-witaminy-i-mineraly-musujace-p-8846.html|https://sklep.kfd.pl/kfd-protein-dessert-700g-kazeina-micelarna-premium-p-2828.html|https://sklep.kfd.pl/kfd-premium-collagen-plus-400-g-kolagen-msmwit-d3-wit-c-boswellia-serrata--p-5079.html|https://sklep.kfd.pl/kfd-pure-wpc-82-instant-700-g-bialko-serwatkowe-naturalne-p-6867.html|https://sklep.kfd.pl/kfd-krem-orzechowy-z-arachidow-100-crunchy-peanut-cream-1000-g-p-5587.html,https://sklep.kfd.pl/18312-large_default/kfd-multivitamin-minerals-24-tabl-witaminy-i-mineraly-musujace.jpg|https://sklep.kfd.pl/9684-large_default/kfd-protein-dessert-700g-kazeina-micelarna-premium.jpg|https://sklep.kfd.pl/9267-large_default/kfd-premium-collagen-plus-400-g-kolagen-msmwit-d3-wit-c-boswellia-serrata-.jpg|https://sklep.kfd.pl/9675-large_default/kfd-pure-wpc-82-instant-700-g-bialko-serwatkowe-naturalne.jpg|https://sklep.kfd.pl/14750-large_default/kfd-krem-orzechowy-z-arachidow-100-crunchy-peanut-cream-1000-g.jpg
KFD Ultra Omega 3+ Trójglicerydy 90 kaps. (Najmocniejsza),1,Strona główna/Zdrowie i kondycja/Zdrowie/Odporność i wzmocnienie,"KFD Ultra Omega 3+ Triglycerides
to udoskonalona wersja naszego bestsellerowego suplementu z kwasami
Omega 3
w kapsułkach miękkich. W odróżnieniu do produktów od sprzedawców, którzy nie podają ani miejsca produkcji surowca, ani warunków kapsułkowania,
KFD Ultra Omega 3+
bazuje na cenionym
, norweskim oleju rybim
w naturalnej formie
trójglicerydów
i jest kapsułkowany przez
polską firmę farmaceutyczną,
co zapewnia pełną zgodność ze standardami jakości obowiązującymi w Europie.
EPA i DHA w formie trójglicerydów (TG)
to cząsteczki kwasów tłuszczowych połączonych z glicerolem, naturalnie występujące w żywności, takiej jak np. tłuste ryby morskie i oceaniczne. Aby zapewnić najwyższą czystość i wysoką standaryzację, korzystamy z naturalnego, norweskiego oleju rybiego od norweskiego producenta z ponad 100-letnią tradycją.
Kapsułkowanie oleju wykonywane jest w Polsce przez dużą firmę farmaceutyczną. Jedna miękka kapsułka żelatynowa zawiera aż
330 mg EPA i 220 mg DHA
w formie trójglicerydów.
Kapsułki żelatynowe
zabezpieczają olej przed kontaktem z powietrzem oraz patogenami, a czarny słoiczek i kartonik chronią go przed światłem.
Każda kapsułka zawiera
100% RWS
(rekomendowanego, dziennego spożycia)
witaminy E
w formie octanu DL-alfa tokoferylu oraz mieszanki tokoferoli, które skutecznie chronią olej przed utlenianiem, wydłużając jego świeżość. Nie obniżamy dawki tokoferoli tylko po to, by zwiększyć dawkę dzienną produktu do np. 2 lub 3 kapsułek.
Każda partia
KFD Ultra Omega 3+
jest badana
w niezależnych laboratoriach
, zanim trafi na półki sklepowe. Zlecamy komplet badań, w którym sprawdzany jest: pełny profil kwasów tłuszczowych (co potwierdza autentyczność oleju rybiego), TOTOX (w tym liczba kwasowa i anizydynowa), czystość mikrobiologiczna, zawartość metali ciężkich, benzopiren, WWA itd.
Przykładowe raporty analityczne znajdziesz w zakładce „Informacja żywieniowa / Badania”.
Nowa Omega 3+ w linii Ultra to:
- Niska wartość
TOTOX
(partia
2506041
: w badaniu wskaźnik TOTOX:
8,5
),
- Naturalna forma
trójglicerydów
(TG),
- Naturalny,
norweski olej rybi
,
- Polska produkcja i stała kontrola procesu,
- Pełna zgodność z europejskimi normami jakościowymi,
- Standaryzacja na
wysoką zawartość EPA i DHA
,
- Stabilność i świeżość - forma kapsułek żelatynowych lepiej chroni olej przed powietrzem i patogenami niż np. butelka w przypadku olejów sprzedawanych w postaci płynnej,
-
100% RWS
witaminy E / tokoferoli dla optymalnej ochrony oleju rybiego przed utlenieniem,
- Czarny słoiczek i kartonik zabezpieczają produkt przed światłem.
Parametry produktu:
- Forma: miękkie kapsułki żelatynowe
- Źródło:
norweski olej rybi
- Produkcja: Polska
- Olej rybi:
1000 mg/kaps.
- EPA:
330 mg/kaps.
- DHA:
220 mg/kaps.
- Witamina E:
12 mg α-TE
- Opakowanie: 90 kapsułek
- Liczba dziennych porcji:
90
Składniki, wartości odżywcze/informacje żywieniowe, sposób użycia, ostrzeżenia i/lub badania znajdują się w sekcji
„Informacja żywieniowa / Badania”
.
Uwaga:
W opakowaniu znajduje się saszetka z żelem krzemionkowym, który zabezpiecza produkt przed wilgocią. Saszetka oraz jej zawartość nie są przeznaczone do spożycia.","<div class=""product-description""><p dir=""ltr""><b>KFD Ultra Omega 3+ Triglycerides </b>to udoskonalona wersja naszego bestsellerowego suplementu z kwasami<b> Omega 3 </b>w kapsułkach miękkich. W odróżnieniu do produktów od sprzedawców, którzy nie podają ani miejsca produkcji surowca, ani warunków kapsułkowania,<b> KFD Ultra Omega 3+ </b>bazuje na cenionym<b>, norweskim oleju rybim </b>w naturalnej formie<b> trójglicerydów </b>i jest kapsułkowany przez<b> polską firmę farmaceutyczną, </b>co zapewnia pełną zgodność ze standardami jakości obowiązującymi w Europie.</p><p dir=""ltr""><b>EPA i DHA w formie trójglicerydów (TG) </b>to cząsteczki kwasów tłuszczowych połączonych z glicerolem, naturalnie występujące w żywności, takiej jak np. tłuste ryby morskie i oceaniczne. Aby zapewnić najwyższą czystość i wysoką standaryzację, korzystamy z naturalnego, norweskiego oleju rybiego od norweskiego producenta z ponad 100-letnią tradycją.<b></b></p><p dir=""ltr"">Kapsułkowanie oleju wykonywane jest w Polsce przez dużą firmę farmaceutyczną. Jedna miękka kapsułka żelatynowa zawiera aż <strong>330 mg EPA i 220 mg DHA</strong> w formie trójglicerydów.</p><p dir=""ltr""><b>Kapsułki żelatynowe</b> zabezpieczają olej przed kontaktem z powietrzem oraz patogenami, a czarny słoiczek i kartonik chronią go przed światłem.</p><p dir=""ltr"">Każda kapsułka zawiera<b> 100% RWS </b>(rekomendowanego, dziennego spożycia)<b> witaminy E </b>w formie octanu DL-alfa tokoferylu oraz mieszanki tokoferoli, które skutecznie chronią olej przed utlenianiem, wydłużając jego świeżość. Nie obniżamy dawki tokoferoli tylko po to, by zwiększyć dawkę dzienną produktu do np. 2 lub 3 kapsułek.<b></b></p><p dir=""ltr"">Każda partia<b> KFD Ultra Omega 3+ </b>jest badana<b> w niezależnych laboratoriach</b>, zanim trafi na półki sklepowe. Zlecamy komplet badań, w którym sprawdzany jest: pełny profil kwasów tłuszczowych (co potwierdza autentyczność oleju rybiego), TOTOX (w tym liczba kwasowa i anizydynowa), czystość mikrobiologiczna, zawartość metali ciężkich, benzopiren, WWA itd.</p><p dir=""ltr""><b>Przykładowe raporty analityczne znajdziesz w zakładce „Informacja żywieniowa / Badania”.</b><b></b></p><p dir=""ltr""><b>Nowa Omega 3+ w linii Ultra to:</b></p><p dir=""ltr"">- Niska wartość <strong>TOTOX</strong> (partia <strong>2506041</strong>: w badaniu wskaźnik TOTOX: <strong>8,5</strong>),<br/>- Naturalna forma<strong> trójglicerydów</strong> (TG),<br/>- Naturalny, <strong>norweski olej rybi</strong>,<br/>- Polska produkcja i stała kontrola procesu,<br/>- Pełna zgodność z europejskimi normami jakościowymi,<br/>- Standaryzacja na <strong>wysoką zawartość EPA i DHA</strong>,<br/>- Stabilność i świeżość - forma kapsułek żelatynowych lepiej chroni olej przed powietrzem i patogenami niż np. butelka w przypadku olejów sprzedawanych w postaci płynnej,<br/>- <strong>100% RWS</strong> witaminy E / tokoferoli dla optymalnej ochrony oleju rybiego przed utlenieniem,<br/>- Czarny słoiczek i kartonik zabezpieczają produkt przed światłem.</p><p dir=""ltr""><strong>Parametry produktu:</strong></p><p dir=""ltr"">- Forma: miękkie kapsułki żelatynowe<br/>- Źródło: <strong>norweski olej rybi</strong><br/>- Produkcja: Polska<br/>- Olej rybi: <strong>1000 mg/kaps.</strong><br/>- EPA: <strong>330 mg/kaps.</strong><br/>- DHA: <strong>220 mg/kaps.</strong><br/>- Witamina E: <strong>12 mg α-TE</strong><br/>- Opakowanie: 90 kapsułek<br/>- Liczba dziennych porcji: <strong>90</strong></p><p dir=""ltr"">Składniki, wartości odżywcze/informacje żywieniowe, sposób użycia, ostrzeżenia i/lub badania znajdują się w sekcji <strong>„Informacja żywieniowa / Badania”</strong>.</p><p dir=""ltr""><strong>Uwaga:</strong> W opakowaniu znajduje się saszetka z żelem krzemionkowym, który zabezpiecza produkt przed wilgocią. Saszetka oraz jej zawartość nie są przeznaczone do spożycia.</p><p dir=""ltr""></p></div>",29.99,https://sklep.kfd.pl/18220-medium_default/kfd-omega-3-90-kaps-najmocniejsza.jpg,https://sklep.kfd.pl/18220-medium_default/kfd-omega-3-90-kaps-najmocniejsza.jpg,,https://sklep.kfd.pl/kfd-mct-oil-z-kokosa-400-ml-p-6936.html|https://sklep.kfd.pl/myvita-omega-3-forte-50-softgel-p-8212.html|https://sklep.kfd.pl/ostrovit-omega-3-180-kaps-p-7093.html|https://sklep.kfd.pl/ostrovit-omega-3-90-kaps-p-6419.html|https://sklep.kfd.pl/now-foods-omega-3-1000mg-200-sofgels-p-7115.html,https://sklep.kfd.pl/16880-large_default/kfd-mct-oil-z-kokosa-400-ml.jpg|https://sklep.kfd.pl/14251-large_default/myvita-omega-3-forte-50-softgel.jpg|https://sklep.kfd.pl/17694-large_default/ostrovit-omega-3-180-kaps.jpg|https://sklep.kfd.pl/17696-large_default/ostrovit-omega-3-90-kaps.jpg|https://sklep.kfd.pl/15988-large_default/now-foods-omega-3-1000mg-200-sofgels.jpg
KFD Premium WPC 82 - 700 g - Białko (WPC 80),1,Strona główna/Odżywki i suplementy/Białko/Białko serwatkowe,"UWAGA:
smaki pełne czekoladowe - różnica w cenie (o ile występuje) wynika z różnicy w podatku VAT produktów zawierających kakao (zwykłe smaki - 8% VAT, z kakao - aż 23%).
Po wielu testach prezentujemy nowe smaki naszego najlepszego koncentratu białka serwatkowego. Naszym celem było jak najwierniejsze odwzorowanie smaku popularnej ostatnio „
dubajskiej czekolady
”.
CZEKOLADA DUBAJSKA
- kompozycja holenderskiego kakao, wzbogacona naturalnymi aromatami oraz nutami prażonych, lekko solonych pistacji.
BIAŁA CZEKOLADA DUBAJSKA
- wariant, w którym smak prażonych i lekko solonych pistacji doskonale łączy się z klasycznym profilem „białej czekolady” od KFD.
Pamiętaj, że to wciąż białko serwatkowe - mimo najszczerszych chęci nie da się idealnie odwzorować smaku dubajskiej czekolady, która w przeciwieństwie do odżywki białkowej jest bogata w cukier i tłuszcz. Jeśli zależy Ci na intensywniejszych doznaniach smakowych, zamiast wody polecamy dodać mleko do Twojego szejka białkowego.
Wariant
""ciasteczkowy""
dla wzbogacenia kompozycji smakowej od zawsze zawiera aromat rumu. Alkoholowy zapach i posmak białka jest prawidłowy i warto to mieć na uwadze planując zakupy.
KFD Premium WPC 82
to wysokiej jakości, instantyzowany koncentrat białka serwatkowego użyty jako główny składnik produktu.
Wyróżnia się doskonałą kompozycją smakową (w ofercie mamy kilkadziesiąt smaków do wyboru!). Używany przez nas surowiec jest
instantyzowany
- to znaczy, że charakteryzuje się doskonałą rozpuszczalnością, a po przygotowaniu nie powstaje uporczywa piana.
Produkt firmy KFD otrzymywany jest przy użyciu procesu
ultrafiltracji
, w którym tłuszcze oraz cukry są efektywniej separowane od białek przez co otrzymany produkt wykazuje wyższą czystość.
Warto zwrócić uwagę, że jest to produkt o zawartości ok.
80% białka
w suchej masie, więc smaki, pomimo naszych najszczerszych starań, nie będą smakować identycznie jak znane produkty spożywcze zawierające ok. 99% tłuszczu i cukru w składzie. Staramy się robić wszystko, aby produkt wysokobiałkowy był możliwe
jak najlepszy w smaku
przy zachowaniu
najwyższej zawartości białka
.
Nasz produkt
nie zawiera enzymów trawiennych
, które, stosowane głównie w produktach amerykańskich, mogą służyć jako element maskujący niskiej jakości surowiec.
Badania w zakładce: Informacje żywieniowe/badania
FAQ
1. Lubię bardziej intensywne smaki, czy możliwe jest aby smak był bardziej wyrazisty?
Tak, wystarczy zmniejszyć ilość płynu z 200 na 150 lub 170 ml. Jeśli smak ma być jeszcze bardziej wyrazisty, należy użyć mleka a nie wody. Zawarty cukier oraz tłuszcz w mleku, dodatkowo podkreśli smak.
2. Wolę jeszcze bardziej delikatne smaki, co zrobić aby smak był mniej wyrazisty?
Wystarczy zwiększyć ilość płynu z 200 na 220 lub 250 ml. Smaki są mniej wyraziste jeśli używamy wody zamiast mleka.
UWAGA:
w niektórych smakach 1 porcja to 2 płaskie miarki a nie 1 i 1/2. Najlepiej jest odmierzać białko na wadze i nie sugerować się miarkami (nie jest to idealne narzędzie pomiaru). Produkt zawiera laktozę ( ok. 3-6 g (w zależności od partii surowca) g w 100 g i może powodować dolegliwości żołądkowe u osób silnie uczulonych na laktozę. W 1 porcji dawka laktozy to ok. 1-2 g co przy użyciu wody nie powinno powodować dolegliwości u osób uczulonych.","<div class=""product-description""><p><strong><strong>UWAGA:</strong></strong> smaki pełne czekoladowe - różnica w cenie (o ile występuje) wynika z różnicy w podatku VAT produktów zawierających kakao (zwykłe smaki - 8% VAT, z kakao - aż 23%).</p><p>Po wielu testach prezentujemy nowe smaki naszego najlepszego koncentratu białka serwatkowego. Naszym celem było jak najwierniejsze odwzorowanie smaku popularnej ostatnio „<strong>dubajskiej czekolady</strong>”.</p><p><strong>CZEKOLADA DUBAJSKA</strong> - kompozycja holenderskiego kakao, wzbogacona naturalnymi aromatami oraz nutami prażonych, lekko solonych pistacji.<br/><strong>BIAŁA CZEKOLADA DUBAJSKA</strong> - wariant, w którym smak prażonych i lekko solonych pistacji doskonale łączy się z klasycznym profilem „białej czekolady” od KFD.</p><p>Pamiętaj, że to wciąż białko serwatkowe - mimo najszczerszych chęci nie da się idealnie odwzorować smaku dubajskiej czekolady, która w przeciwieństwie do odżywki białkowej jest bogata w cukier i tłuszcz. Jeśli zależy Ci na intensywniejszych doznaniach smakowych, zamiast wody polecamy dodać mleko do Twojego szejka białkowego.</p><p>Wariant <strong>""ciasteczkowy""</strong> dla wzbogacenia kompozycji smakowej od zawsze zawiera aromat rumu. Alkoholowy zapach i posmak białka jest prawidłowy i warto to mieć na uwadze planując zakupy.</p><p><strong>KFD Premium WPC 82</strong> to wysokiej jakości, instantyzowany koncentrat białka serwatkowego użyty jako główny składnik produktu. <br/>Wyróżnia się doskonałą kompozycją smakową (w ofercie mamy kilkadziesiąt smaków do wyboru!). Używany przez nas surowiec jest <strong>instantyzowany </strong>- to znaczy, że charakteryzuje się doskonałą rozpuszczalnością, a po przygotowaniu nie powstaje uporczywa piana. </p><center><p><iframe frameborder=""0"" height=""315"" src=""https://www.youtube.com/embed/-FU7nLv7gZs"" title=""YouTube video player"" width=""560""></iframe></p></center><p>Produkt firmy KFD otrzymywany jest przy użyciu procesu <strong>ultrafiltracji</strong>, w którym tłuszcze oraz cukry są efektywniej separowane od białek przez co otrzymany produkt wykazuje wyższą czystość. <br/><br/>Warto zwrócić uwagę, że jest to produkt o zawartości ok. <strong>80% białka</strong> w suchej masie, więc smaki, pomimo naszych najszczerszych starań, nie będą smakować identycznie jak znane produkty spożywcze zawierające ok. 99% tłuszczu i cukru w składzie. Staramy się robić wszystko, aby produkt wysokobiałkowy był możliwe <strong>jak najlepszy w smaku</strong> przy zachowaniu <strong>najwyższej zawartości białka</strong>. </p><p>Nasz produkt<strong> nie zawiera enzymów trawiennych</strong>, które, stosowane głównie w produktach amerykańskich, mogą służyć jako element maskujący niskiej jakości surowiec. </p><p>Badania w zakładce: Informacje żywieniowe/badania</p><p><strong></strong></p><p><strong>FAQ</strong><strong></strong></p><p><strong>1. Lubię bardziej intensywne smaki, czy możliwe jest aby smak był bardziej wyrazisty?</strong></p><p>Tak, wystarczy zmniejszyć ilość płynu z 200 na 150 lub 170 ml.  Jeśli smak ma być jeszcze bardziej wyrazisty, należy użyć mleka a nie wody. Zawarty cukier oraz tłuszcz w mleku, dodatkowo podkreśli smak. <br/><br/><strong>2. Wolę jeszcze bardziej delikatne smaki, co zrobić aby smak był mniej wyrazisty?</strong></p><p>Wystarczy zwiększyć ilość płynu z 200 na 220 lub 250 ml. Smaki są mniej wyraziste jeśli używamy wody zamiast mleka. </p><p><strong></strong></p><p><strong>UWAGA:</strong> w niektórych smakach 1 porcja to 2 płaskie miarki a nie 1 i 1/2. Najlepiej jest odmierzać białko na wadze i nie sugerować się miarkami (nie jest to idealne narzędzie pomiaru). Produkt zawiera laktozę ( ok. 3-6 g (w zależności od partii surowca) g w 100 g  i może powodować dolegliwości żołądkowe u osób silnie uczulonych na laktozę. W 1 porcji dawka laktozy to ok. 1-2 g co przy użyciu wody nie powinno powodować dolegliwości u osób uczulonych. </p><p></p></div>",66.66,https://sklep.kfd.pl/9604-medium_default/kfd-premium-wpc-82-700-g-bialko.jpg,https://sklep.kfd.pl/9587-medium_default/kfd-premium-wpc-82-700-g-bialko.jpg|https://sklep.kfd.pl/9588-medium_default/kfd-premium-wpc-82-700-g-bialko.jpg|https://sklep.kfd.pl/9589-medium_default/kfd-premium-wpc-82-700-g-bialko.jpg|https://sklep.kfd.pl/9590-medium_default/kfd-premium-wpc-82-700-g-bialko.jpg|https://sklep.kfd.pl/9591-medium_default/kfd-premium-wpc-82-700-g-bialko.jpg|https://sklep.kfd.pl/9592-medium_default/kfd-premium-wpc-82-700-g-bialko.jpg|https://sklep.kfd.pl/9593-medium_default/kfd-premium-wpc-82-700-g-bialko.jpg|https://sklep.kfd.pl/9594-medium_default/kfd-premium-wpc-82-700-g-bialko.jpg|https://sklep.kfd.pl/9595-medium_default/kfd-premium-wpc-82-700-g-bialko.jpg|https://sklep.kfd.pl/9596-medium_default/kfd-premium-wpc-82-700-g-bialko.jpg|https://sklep.kfd.pl/9597-medium_default/kfd-premium-wpc-82-700-g-bialko.jpg|https://sklep.kfd.pl/9598-medium_default/kfd-premium-wpc-82-700-g-bialko.jpg|https://sklep.kfd.pl/9599-medium_default/kfd-premium-wpc-82-700-g-bialko.jpg|https://sklep.kfd.pl/9600-medium_default/kfd-premium-wpc-82-700-g-bialko.jpg|https://sklep.kfd.pl/9601-medium_default/kfd-premium-wpc-82-700-g-bialko.jpg|https://sklep.kfd.pl/9602-medium_default/kfd-premium-wpc-82-700-g-bialko.jpg|https://sklep.kfd.pl/9603-medium_default/kfd-premium-wpc-82-700-g-bialko.jpg|https://sklep.kfd.pl/9604-medium_default/kfd-premium-wpc-82-700-g-bialko.jpg|https://sklep.kfd.pl/9605-medium_default/kfd-premium-wpc-82-700-g-bialko.jpg|https://sklep.kfd.pl/9606-medium_default/kfd-premium-wpc-82-700-g-bialko.jpg|https://sklep.kfd.pl/9726-medium_default/kfd-premium-wpc-82-700-g-bialko.jpg|https://sklep.kfd.pl/9727-medium_default/kfd-premium-wpc-82-700-g-bialko.jpg|https://sklep.kfd.pl/9991-medium_default/kfd-premium-wpc-82-700-g-bialko.jpg,krem malinowy|wanilia-tiramisu|wafelkowy|creme brulee|karmelowo mleczny|masła orzechowego|nugatu|truskawkowo-poziomkowy|waniliowo-truskawkowy|wanilia-adwokat|waniliowo-bananowy|wanilia-orzech laskowy|lodów tradycyjnych,https://sklep.kfd.pl/kfd-premium-xxl-09-kg-wpc-80-900-g-p-6908.html|https://sklep.kfd.pl/nowy-kfd-regular-wpc-80-instant-bialko-750g-p-2451.html|https://sklep.kfd.pl/kfd-premium-wpi-90-700-g-izolat-p-7155.html|https://sklep.kfd.pl/kfd-regular-wpc-80-3000-g-bialko-serwatkowe-instant-p-7087.html|https://sklep.kfd.pl/kfd-vegan-protein-80-700-g-bialko-weganskie-premium-p-7460.html,https://sklep.kfd.pl/9607-large_default/kfd-premium-xxl-09-kg-wpc-80-900-g.jpg|https://sklep.kfd.pl/11301-large_default/nowy-kfd-regular-wpc-80-instant-bialko-750g.jpg|https://sklep.kfd.pl/9333-large_default/kfd-premium-wpi-90-700-g-izolat.jpg|https://sklep.kfd.pl/13345-large_default/kfd-regular-wpc-80-3000-g-bialko-serwatkowe-instant.jpg|https://sklep.kfd.pl/13806-large_default/kfd-vegan-protein-80-700-g-bialko-weganskie-premium.jpg
KFD REGULAR WPC 80 (instant) - Białko - 750 g,1,Strona główna/Odżywki i suplementy/Białko/Białko serwatkowe,"Z przyjemnością prezentujemy nowe smaki naszego białka serwatkowego Regular WPC 80 Instant:
BIAŁA PRALINKA
- wyjątkowe połączenie naszej bogatej receptury ""białej czekolady"" z nutami marcepana i pistacji, wzbogacone delikatnym akcentem rumowym.
DUBAJSKA PRALINKA
- smak inspirowany dubajską czekoladą, łączący holenderskie kakao z aromatami pistacji i subtelnymi nutami rumowymi i marcepanowymi.
Pamiętaj, że to wciąż białko serwatkowe – mimo naszych najszczerszych starań nie da się idealnie odwzorować smaku prawdziwych pralinek, które w przeciwieństwie do odżywki białkowej są bogate w cukier i tłuszcz. Jeśli zależy Ci na intensywniejszych doznaniach smakowych, zamiast wody spróbuj dodać mleko do swojego szejka białkowego.
KFD Regular WPC 80 Instant
to produkt, w którym głównym składnikiem jest w 100% czysty koncentrat białka serwatkowego. Charakteryzuje się dobrą rozpuszczalnością (ale nieco słabszą niż wersja Premium) i delikatnym smakiem.
Surowiec został stworzony przy wykorzystaniu procesu ultrafiltracji, co pozwala na otrzymanie produktu wyróżniającego się niską zawartością tłuszczów i cukrów.
WPC 80 Instant powstał z myślą o osobach, dla których najważniejszy jest nie smak a wysoka zawartość prawdziwego białka - bez zbędnych, w opinii wielu klientów, dodatków (np. zagęstników czy barwników).
KFD Regular WPC 80
nie posiada enzymów trawiennych, które przyjmowane przede wszystkim w produktach amerykańskich, służą często jako element maskujący niskiej jakości surowiec.
Uwagi dotyczące produktu:
-
Wariant
""ciasteczkowy""
dla wzbogacenia kompozycji smakowej od zawsze zawiera aromat rumu. Alkoholowy zapach i posmak białka jest prawidłowy i warto to mieć na uwadze planując zakupy.
- Do smaku ""czekolada mleczna"" / ""czekolada"", aby uzyskać smak prawdziwej czekolady, należy dodać we własnym zakresie 25 g kakao (do 750 g białka).
- Jeśli komuś zależy na lepszym smaku, powinien używać zamiast wody - mleka.
- W przeciwieństwie do Premium WPC, białko Regular jest tańsze ponieważ może zmieniać się surowiec, ale bez zmian takich parametrów jak ilość białka w białku czy pozostałych składników. Może się różnić delikatnie smak, zapach czy barwa.
Aby mieć nadzór nad jakością produktów, regularnie je badamy.","<div class=""product-description""><p><strong>Z przyjemnością prezentujemy nowe smaki naszego białka serwatkowego Regular WPC 80 Instant:</strong></p><p><strong>BIAŁA PRALINKA</strong> - wyjątkowe połączenie naszej bogatej receptury ""białej czekolady"" z nutami marcepana i pistacji, wzbogacone delikatnym akcentem rumowym.</p><p><strong>DUBAJSKA PRALINKA</strong> - smak inspirowany dubajską czekoladą, łączący holenderskie kakao z aromatami pistacji i subtelnymi nutami rumowymi i marcepanowymi.</p><p>Pamiętaj, że to wciąż białko serwatkowe – mimo naszych najszczerszych starań nie da się idealnie odwzorować smaku prawdziwych pralinek, które w przeciwieństwie do odżywki białkowej są bogate w cukier i tłuszcz. Jeśli zależy Ci na intensywniejszych doznaniach smakowych, zamiast wody spróbuj dodać mleko do swojego szejka białkowego.<br/><br/><strong>KFD Regular WPC 80 Instant </strong>to produkt, w którym głównym składnikiem jest w 100% czysty koncentrat białka serwatkowego. Charakteryzuje się dobrą rozpuszczalnością (ale nieco słabszą niż wersja Premium) i delikatnym smakiem. </p><p>Surowiec został stworzony przy wykorzystaniu procesu ultrafiltracji, co pozwala na otrzymanie produktu wyróżniającego się niską zawartością tłuszczów i cukrów.</p><p>WPC 80 Instant powstał z myślą o osobach, dla których najważniejszy jest nie smak a wysoka zawartość prawdziwego białka - bez zbędnych, w opinii wielu klientów, dodatków (np. zagęstników czy barwników). </p><p><strong>KFD Regular WPC 80</strong> nie posiada enzymów trawiennych, które przyjmowane przede wszystkim w produktach amerykańskich, służą często jako element maskujący niskiej jakości surowiec.<strong></strong></p><p><strong>Uwagi dotyczące produktu:</strong><strong></strong></p><p><strong>- </strong>Wariant <strong>""ciasteczkowy""</strong> dla wzbogacenia kompozycji smakowej od zawsze zawiera aromat rumu. Alkoholowy zapach i posmak białka jest prawidłowy i warto to mieć na uwadze planując zakupy.<br/>- Do smaku ""czekolada mleczna"" / ""czekolada"", aby uzyskać smak prawdziwej czekolady, należy dodać we własnym zakresie 25 g kakao (do 750 g białka). <br/>- Jeśli komuś zależy na lepszym smaku, powinien używać zamiast wody - mleka. <br/>- W przeciwieństwie do Premium WPC, białko Regular jest tańsze ponieważ może zmieniać się surowiec, ale bez zmian takich parametrów jak ilość białka w białku czy pozostałych składników. Może się różnić delikatnie smak, zapach czy barwa. </p><p>Aby mieć nadzór nad jakością produktów, regularnie je badamy.</p></div>",62.99,https://sklep.kfd.pl/9765-medium_default/nowy-kfd-regular-wpc-80-instant-bialko-750g.jpg,https://sklep.kfd.pl/9765-medium_default/nowy-kfd-regular-wpc-80-instant-bialko-750g.jpg,kokosowy|bananowo-truskawkowy|wanilia-tiramisu|solony karmel|pistacjowy|creme brule|karmelowo mleczny|lody waniliowe|biała czekolada-malina|wanilia-adwokat|waniliowo-bananowy|waniliowo-truskawkowy.|mascarpone|Biała pralinka dubajska|Pralinka dubajska,https://sklep.kfd.pl/kfd-premium-wpc-82-700-g-bialko-p-4077.html|https://sklep.kfd.pl/kfd-regular-wpc-80-3000-g-bialko-serwatkowe-instant-p-7087.html|https://sklep.kfd.pl/kfd-pure-wpc-82-instant-700-g-bialko-serwatkowe-naturalne-p-6867.html|https://sklep.kfd.pl/kfd-premium-xxl-09-kg-wpc-80-900-g-p-6908.html|https://sklep.kfd.pl/kfd-premium-x-gainer-1000-g-p-4138.html,https://sklep.kfd.pl/9604-large_default/kfd-premium-wpc-82-700-g-bialko.jpg|https://sklep.kfd.pl/13345-large_default/kfd-regular-wpc-80-3000-g-bialko-serwatkowe-instant.jpg|https://sklep.kfd.pl/9675-large_default/kfd-pure-wpc-82-instant-700-g-bialko-serwatkowe-naturalne.jpg|https://sklep.kfd.pl/9607-large_default/kfd-premium-xxl-09-kg-wpc-80-900-g.jpg|https://sklep.kfd.pl/9769-large_default/kfd-premium-x-gainer-1000-g.jpg
KFD Premium Creatine - 250 g (Kreatyna - Monohydrat),1,Strona główna/Odżywki i suplementy/Kreatyna/Monohydrat kreatyny,"UWAGA: Jest to wersja 250 g a nie 500 g.
Istotne:
wersja
naturalna monohydratu kreatyny
charakteryzuje się lekko słonawym posmakiem. Jest to wersja bez aromatów i dodatków smakowych więc charakterystyczny posmak jest naturalną cechą produktu.
Ze względu na częste pytania - nie zalecamy spożywania kreatyny dla osób poniżej 18 roku życia. Warto pamiętać, że suplementy diety są tylko dodatkiem i wiele można zdziałać samą dietą i treningiem.
KFD Creatine
to suplement diety zawierający w 100% czysty monohydrat kreatyny 200 mesh.
Kreatyna to naturalnie występująca w organizmie człowieka substancja. Monohydrat kreatyny, przez wzgląd na udokumentowane i wszechstronne działanie w zakresie wspierania wysiłku, jest jednym z najczęściej wybieranych suplementów dla sportowców, niezależnie od uprawianej dyscypliny. Została zaklasyfikowana w grupie ""A"" przez Australian Institute of Sport, jako jeden z suplementów o potwierdzonym przez mocne dowody naukowe działaniu.
Kreatyna
może być dostarczona z pożywieniem, a także jest ona syntezowana w organizmie (w większości występuje w mięśniach) i w procesie fosforylacji zamieniana jest na fosfokreatynę, stanowiąc ""awaryjne źródło"" ATP.
Suplementacja już 3 g czystej kreatyny dziennie zwiększa wydolność fizyczną w przypadku następujących po sobie krótkich, bardzo intensywnych ćwiczeń fizycznych, dzięki czemu jest tak popularna nie tylko w sportach siłowych, ale i w sportach walki, lekkoatletyce, a nawet w sportach o mieszanej specyfice wysiłku, takiej jak sporty zespołowe.
Niektóre publikacje naukowe na temat kreatyny:
1.
https://www.ncbi.nlm.nih.gov/pmc/articles/PMC5469049/
2.
https://www.ncbi.nlm.nih.gov/pubmed/20026378
3.
https://www.ncbi.nlm.nih.gov/pmc/articles/PMC6093191/
4.
https://jissn.biomedcentral.com/articles/10.1186/s12970-017-0173-z
Źródła:
1.
https://pl.wikipedia.org/wiki/Kreatyna
2. J. Volek, N. Duncan, S. Mazzetti, R. Staron, M. Putukian, A. Gómez, D. Pearson, W. Fink, W. Kraemer. Performance and muscle fiber adaptations to creatine supplementation and heavy resistance training. „Medicine & Science in Sports & Exercise”. 31 (8), s. 1147–1156, 1999. DOI: 10.1097/00005768-199908000-00011.
3. R. L. Dempsey, M. F. Mazzone, L. N. Meurer. Does oral creatine supplementation improve strength? A meta-analysis.. „J Fam Pract.”. 51 (11), s. 945-51, 2002. PMID: 12485548.
Richard B. Kreider. Effects of creatine supplementation on performance and training adaptations. „Molecular and Cellular Biochemistry”. 244 (1/2), s. 89–94, 2003. DOI: 10.1023/A:1022465203458.
4. Luc J. C. van Loon, Audrey M. Oosterlaar, Fred Hartgens, Matthijs K. C. Hesselink i inni. Effects of creatine loading and prolonged creatine supplementation on body composition, fuel selection, sprint and endurance performance in humans. „Clinical Science”. 104 (2), s. 153, 2003. DOI: 10.1042/CS20020159.","<div class=""product-description""><p align=""left""><strong>UWAGA: Jest to wersja 250 g a nie 500 g. <br/><br/></strong><b>Istotne:</b> wersja <strong>naturalna monohydratu kreatyny</strong> charakteryzuje się lekko słonawym posmakiem. Jest to wersja bez aromatów i dodatków smakowych więc charakterystyczny posmak jest naturalną cechą produktu.<br/>Ze względu na częste pytania - nie zalecamy spożywania kreatyny dla osób poniżej 18 roku życia. Warto pamiętać, że suplementy diety są tylko dodatkiem i wiele można zdziałać samą dietą i treningiem. <strong></strong></p><p align=""left""><strong>KFD Creatine</strong> to suplement diety zawierający w 100% czysty monohydrat kreatyny 200 mesh. <br/>Kreatyna to naturalnie występująca w organizmie człowieka substancja. Monohydrat kreatyny, przez wzgląd na udokumentowane i wszechstronne działanie w zakresie wspierania wysiłku, jest jednym z najczęściej wybieranych suplementów dla sportowców, niezależnie od uprawianej dyscypliny. Została zaklasyfikowana w grupie ""A"" przez Australian Institute of Sport, jako jeden z suplementów o potwierdzonym przez mocne dowody naukowe działaniu.</p><p align=""left""><strong>Kreatyna</strong> może być dostarczona z pożywieniem, a także jest ona syntezowana w organizmie (w większości występuje w mięśniach) i w procesie fosforylacji zamieniana jest na fosfokreatynę, stanowiąc ""awaryjne źródło"" ATP.</p><p align=""left"">Suplementacja już 3 g czystej kreatyny dziennie zwiększa wydolność fizyczną w przypadku następujących po sobie krótkich, bardzo intensywnych ćwiczeń fizycznych, dzięki czemu jest tak popularna nie tylko w sportach siłowych, ale i w sportach walki, lekkoatletyce, a nawet w sportach o mieszanej specyfice wysiłku, takiej jak sporty zespołowe.</p><p align=""left"">Niektóre publikacje naukowe na temat kreatyny:</p><div id=""sdfootnote1""><p>1. <a href=""https://www.ncbi.nlm.nih.gov/pmc/articles/PMC5469049/"" rel=""noreferrer noopener"" target=""_blank"">https://www.ncbi.nlm.nih.gov/pmc/articles/PMC5469049/</a></p><p>2. <a href=""https://www.ncbi.nlm.nih.gov/pubmed/20026378"" rel=""noreferrer noopener"" target=""_blank"">https://www.ncbi.nlm.nih.gov/pubmed/20026378</a></p><p>3. <a href=""https://www.ncbi.nlm.nih.gov/pmc/articles/PMC6093191/"" rel=""noreferrer noopener"" target=""_blank"">https://www.ncbi.nlm.nih.gov/pmc/articles/PMC6093191/</a></p><p>4. <a href=""https://jissn.biomedcentral.com/articles/10.1186/s12970-017-0173-z"" rel=""noreferrer noopener"" target=""_blank"">https://jissn.biomedcentral.com/articles/10.1186/s12970-017-0173-z</a></p><p></p><p><strong>Źródła:</strong></p><p>1. <a href=""https://pl.wikipedia.org/wiki/Kreatyna"" rel=""noreferrer noopener"" target=""_blank"">https://pl.wikipedia.org/wiki/Kreatyna </a></p><p>2. J. Volek, N. Duncan, S. Mazzetti, R. Staron, M. Putukian, A. Gómez, D. Pearson, W. Fink, W. Kraemer. Performance and muscle fiber adaptations to creatine supplementation and heavy resistance training. „Medicine &amp; Science in Sports &amp; Exercise”. 31 (8), s. 1147–1156, 1999. DOI: 10.1097/00005768-199908000-00011.</p><p>3. R. L. Dempsey, M. F. Mazzone, L. N. Meurer. Does oral creatine supplementation improve strength? A meta-analysis.. „J Fam Pract.”. 51 (11), s. 945-51, 2002. PMID: 12485548.</p><p>Richard B. Kreider. Effects of creatine supplementation on performance and training adaptations. „Molecular and Cellular Biochemistry”. 244 (1/2), s. 89–94, 2003. DOI: 10.1023/A:1022465203458.</p><p>4. Luc J. C. van Loon, Audrey M. Oosterlaar, Fred Hartgens, Matthijs K. C. Hesselink i inni. Effects of creatine loading and prolonged creatine supplementation on body composition, fuel selection, sprint and endurance performance in humans. „Clinical Science”. 104 (2), s. 153, 2003. DOI: 10.1042/CS20020159.</p></div><p align=""left""><strong> </strong></p><p align=""left""><br/><iframe frameborder=""0"" height=""315"" src=""https://www.youtube.com/embed/2NuwZoxZkp4"" width=""560""></iframe></p></div>",22.99,https://sklep.kfd.pl/13776-medium_default/kfd-premium-creatine-250-g-kreatyna-monohydrat.jpg,https://sklep.kfd.pl/13776-medium_default/kfd-premium-creatine-250-g-kreatyna-monohydrat.jpg|https://sklep.kfd.pl/13777-medium_default/kfd-premium-creatine-250-g-kreatyna-monohydrat.jpg,cola|naturalny|zielone jabłko,https://sklep.kfd.pl/kfd-premium-creatine-500-g-kreatyna-monohydrat-p-4139.html|https://sklep.kfd.pl/kfd-ashwagandha-ksm-66-90-tabl-p-8694.html|https://sklep.kfd.pl/kfd-ashwagandha-ksm-66-180-tabl-p-6549.html|https://sklep.kfd.pl/kfd-zen-szen-koreanski-panax-ginseng-120-tabl-p-6719.html|https://sklep.kfd.pl/kfd-ultra-creatine-1000-creapure-225-kaps-p-8327.html,https://sklep.kfd.pl/13723-large_default/kfd-premium-creatine-500-g-kreatyna-monohydrat.jpg|https://sklep.kfd.pl/16768-large_default/kfd-ashwagandha-ksm-66-90-tabl.jpg|https://sklep.kfd.pl/14852-large_default/kfd-ashwagandha-ksm-66-180-tabl.jpg|https://sklep.kfd.pl/9329-large_default/kfd-zen-szen-koreanski-panax-ginseng-120-tabl.jpg|https://sklep.kfd.pl/14694-large_default/kfd-ultra-creatine-1000-creapure-225-kaps.jpg
"KFD Pure WPC 82 Instant - 700 g (białko serwatkowe, naturalne)",1,Strona główna/Odżywki i suplementy/Białko/Białko serwatkowe,"KFD
Pure WPC 82 Instant
to produkt o wysokiej zawartości białka (około 80-82% w suchej masie) w 100% naturalnej wersji (bez dodatków jak słodziki, aromaty, zagęstniki). Dobrze się rozpuszcza i charakteryzuje naturalnym smakiem białka serwatkowego.
KFD Pure WPC 82 Instant
to produkt stworzona z myślą o osobach, które cenią:
- naturalny smak białka,
- bardzo dobrą rozpuszczalność surowca,
- konkurencyjną cenę przy zachowaniu najwyższej jakości - surowiec użyty w tym białku, używany jest przez czołowe marki do produktów premium.
Na czym polega różnica między Premium WPC 80 i Regular WPC 80 a tym produktem?
- jest to wersja naturalna, bez żadnych dodatków a surowiec może być różny w zależności od dostępności i ceny,
- jako że jest naturalna, nie wymaga żmudnego procesu mieszania wielu składników (jak w obu wyżej)
- jest to wersja limitowana - czyli pojawiać się będzie jeśli będziemy w stanie wynegocjować dobrą cenę na surowiec a jego jakość będzie spełniała nasze wysokie wymagania.
UWAGI DOTYCZĄCE PRODUKTU
Archiwalne badania składu produktu:
Badanie najnowszej partii na zawartość białka i poszczególnych cukrów
Badanie potwierdzające zawartość białka w białku
Badanie zawierające aminogram i zawartość cukrów (poprzednia partia surowca)","<div class=""product-description""><p>KFD <strong>Pure WPC 82 Instant</strong> to produkt o wysokiej zawartości białka (około 80-82% w suchej masie) w 100% naturalnej wersji (bez dodatków jak słodziki, aromaty, zagęstniki). Dobrze się rozpuszcza i charakteryzuje naturalnym smakiem białka serwatkowego. </p><p><strong>KFD Pure WPC 82 Instant</strong> to produkt stworzona z myślą o osobach, które cenią:<br/>- naturalny smak białka, <br/>- bardzo dobrą rozpuszczalność surowca,<br/>- konkurencyjną cenę przy zachowaniu najwyższej jakości - surowiec użyty w tym białku, używany jest przez czołowe marki do produktów premium. </p><center><p><iframe frameborder=""0"" height=""315"" src=""https://www.youtube.com/embed/-FU7nLv7gZs"" style='background-image:url(""img/object.gif"");margin-left:auto;margin-right:auto;' title=""YouTube video player"" width=""560""></iframe></p></center><p>Na czym polega różnica między Premium WPC 80 i Regular WPC 80 a tym produktem?<br/>- jest to wersja naturalna, bez żadnych dodatków a surowiec może być różny w zależności od dostępności i ceny,<br/>- jako że jest naturalna, nie wymaga żmudnego procesu mieszania wielu składników (jak w obu wyżej)<br/>- jest to wersja limitowana - czyli pojawiać się będzie jeśli będziemy w stanie wynegocjować dobrą cenę na surowiec a jego jakość będzie spełniała nasze wysokie wymagania. </p><p><strong>UWAGI DOTYCZĄCE PRODUKTU</strong></p><p>Archiwalne badania składu produktu:</p><p><a href=""https://sklep.kfd.pl/img/cms/KFD%20PURE%20WPC%2080%20bia%C5%82ko,%20cukry.jpg"">Badanie najnowszej partii na zawartość białka i poszczególnych cukrów</a></p><p><a href=""https://sklep.kfd.pl/img/cms/purewpc.jpg"">Badanie potwierdzające zawartość białka w białku</a></p><p><a href=""https://sklep.kfd.pl/img/cms/badanie_wpc_pure_2018.jpg"">Badanie zawierające aminogram i zawartość cukrów (poprzednia partia surowca)</a></p></div>",55.55,https://sklep.kfd.pl/9675-medium_default/kfd-pure-wpc-82-instant-700-g-bialko-serwatkowe-naturalne.jpg,https://sklep.kfd.pl/9675-medium_default/kfd-pure-wpc-82-instant-700-g-bialko-serwatkowe-naturalne.jpg,,https://sklep.kfd.pl/nowy-kfd-regular-wpc-80-instant-bialko-750g-p-2451.html|https://sklep.kfd.pl/kfd-premium-xxl-09-kg-wpc-80-900-g-p-6908.html|https://sklep.kfd.pl/kfd-pure-vitamin-c-400-g-witamina-c-p-6323.html|https://sklep.kfd.pl/kfd-clear-whey-90-whey-protein-isolate-420-g-hydrolizowany-izolat-bialka-serwatkowego-p-8082.html|https://sklep.kfd.pl/kfd-premium-wpi-90-700-g-izolat-p-7155.html,https://sklep.kfd.pl/11301-large_default/nowy-kfd-regular-wpc-80-instant-bialko-750g.jpg|https://sklep.kfd.pl/9607-large_default/kfd-premium-xxl-09-kg-wpc-80-900-g.jpg|https://sklep.kfd.pl/17062-large_default/kfd-pure-vitamin-c-400-g-witamina-c.jpg|https://sklep.kfd.pl/13969-large_default/kfd-clear-whey-90-whey-protein-isolate-420-g-hydrolizowany-izolat-bialka-serwatkowego.jpg|https://sklep.kfd.pl/9333-large_default/kfd-premium-wpi-90-700-g-izolat.jpg
KFD Vitamin D3+K2 (MK7) - 200 kapsułek,1,Strona główna/Zdrowie i kondycja/Witaminy i minerały/Witaminy,"UWAGA - ze względu na zaostrzenie przepisów, maksymalna dawka witaminy D3 na 1 porcję to 2000 jednostek.
Aby klienci nie odczuli zmiany, produkt obecnie zawiera przepisową dawkę witaminy D3 i K2, ale
zawiera aż 2 x więcej kapsułek
i jest w identycznej cenie :-)
KFD Witamina D+K
to suplement diety dostarczający aż
2000 j.m.
(50 mcg) witaminy
D3
oraz 50 mcg
witaminy
K2 (menachinon 7)
w 1 kapsułce.
Witamina D:
- pomaga w prawidłowym wchłanianiu/wykorzystywaniu wapnia i fosforu
- pomaga w utrzymaniu prawidłowego poziomu wapnia we krwi
- pomaga w utrzymaniu zdrowych kości
- pomaga w prawidłowym funkcjonowaniu mięśni
- pomaga w utrzymaniu zdrowych zębów
- pomaga w prawidłowym funkcjonowaniu układu odpornościowego
Witamina K:
- przyczynia się do prawidłowego krzepnięcia krwi
- pomaga w utrzymaniu zdrowych kości
Witamina D
należy do grupy witamin rozpuszczalnych w tłuszczach, aby jej wchłanialność w organizmie była prawidłowa, produkt należy spożywać wraz z posiłkiem bogatym w tłuszcz.
Źródła:
- witamina K
https://pmc.ncbi.nlm.nih.gov/articles/PMC7399911/
- witamina D
https://pmc.ncbi.nlm.nih.gov/articles/PMC10623655/","<div class=""product-description""><p><strong>UWAGA - ze względu na zaostrzenie przepisów, maksymalna dawka witaminy D3 na 1 porcję to 2000 jednostek.</strong> Aby klienci nie odczuli zmiany, produkt obecnie zawiera przepisową dawkę witaminy D3 i K2, ale <strong>zawiera aż 2 x więcej kapsułek</strong> i jest w identycznej cenie :-) <strong><br/><br/>KFD Witamina D+K</strong> to suplement diety dostarczający aż <strong>2000 j.m.</strong> (50 mcg) witaminy <strong>D3</strong> oraz 50 mcg<strong> </strong>witaminy<strong> K2 (menachinon 7) </strong>w 1 kapsułce.</p><p><strong>Witamina D:</strong><br/>- pomaga w prawidłowym wchłanianiu/wykorzystywaniu wapnia i fosforu<br/>- pomaga w utrzymaniu prawidłowego poziomu wapnia we krwi<br/>- pomaga w utrzymaniu zdrowych kości<br/>- pomaga w prawidłowym funkcjonowaniu mięśni<br/>- pomaga w utrzymaniu zdrowych zębów<br/>- pomaga w prawidłowym funkcjonowaniu układu odpornościowego<sup></sup></p><p><strong>Witamina K:</strong><br/>- przyczynia się do prawidłowego krzepnięcia krwi<br/>- pomaga w utrzymaniu zdrowych kości</p><p><strong>Witamina D</strong> należy do grupy witamin rozpuszczalnych w tłuszczach, aby jej wchłanialność w organizmie była prawidłowa, produkt należy spożywać wraz z posiłkiem bogatym w tłuszcz.</p><p><strong>Źródła:</strong></p><p>- witamina K</p><p><a href=""https://pmc.ncbi.nlm.nih.gov/articles/PMC7399911/"">https://pmc.ncbi.nlm.nih.gov/articles/PMC7399911/</a></p><p>- witamina D</p><p><a href=""https://pmc.ncbi.nlm.nih.gov/articles/PMC10623655/"">https://pmc.ncbi.nlm.nih.gov/articles/PMC10623655/</a></p><p></p></div>",21.99,https://sklep.kfd.pl/9132-medium_default/kfd-vitamin-d3k2-mk7-200-kapsulek.jpg,https://sklep.kfd.pl/9132-medium_default/kfd-vitamin-d3k2-mk7-200-kapsulek.jpg,,https://sklep.kfd.pl/kfd-vitamin-d3-2000iu-240-kaps-az-240-porcji-p-7035.html|https://sklep.kfd.pl/kfd-vitamin-d3-4000-iu-200-tabl-p-7578.html|https://sklep.kfd.pl/kfd-premium-collagen-plus-400-g-kolagen-msmwit-d3-wit-c-boswellia-serrata--p-5079.html|https://sklep.kfd.pl/kfd-vitamin-c-zinc-120-kaps-witamina-c-i-cynk-p-7149.html|https://sklep.kfd.pl/kfd-b-complex-60-kapsulek-az-10-witamin-p-6589.html,https://sklep.kfd.pl/17860-large_default/kfd-vitamin-d3-2000iu-240-kaps-az-240-porcji.jpg|https://sklep.kfd.pl/13989-large_default/kfd-vitamin-d3-4000-iu-200-tabl.jpg|https://sklep.kfd.pl/9267-large_default/kfd-premium-collagen-plus-400-g-kolagen-msmwit-d3-wit-c-boswellia-serrata-.jpg|https://sklep.kfd.pl/9311-large_default/kfd-vitamin-c-zinc-120-kaps-witamina-c-i-cynk.jpg|https://sklep.kfd.pl/9151-large_default/kfd-b-complex-60-kapsulek-az-10-witamin.jpg
"KFD Premium Collagen Plus - 400 g [Kolagen + MSM+Wit. D3, Wit. C, Boswellia Serrata]",1,Strona główna/Odżywki i suplementy/Ochrona stawów/Kolagen,"KFD Premium Collagen+
to znany od lat i ceniony przez naszych klientów produkt, którego zadaniem jest uzupełnienie diety o najwyższej jakości hydrolizowany kolagen oraz witaminy C i D3 w maksymalnych dawkach dla dziennej porcji suplementu diety.
Produkt wzbogacono również o siarkę organiczną w formie
MSM
i
kwas hialuronowy
, a najcenniejszym składnikiem produktu jest
ekstrakt z kadzidłowca
(Boswellia Serrata) standaryzowany na aż
65%
kwasów boswelliowych.
Witamina C
zawarta w produkcie pomaga w prawidłowej produkcji kolagenu w celu zapewnienia prawidłowego funkcjonowania kości, chrząstek i skóry. Natomiast
witamina D3
pomaga w utrzymaniu zdrowych kości, zębów i w prawidłowym funkcjonowaniu układu odpornościowego.
Surowiec użyty do produkcji jest kolagenem produkowanym w Niemczech. Bez woni i nieprzyjemnego smaku.
Zalety KFD Premium Collagen+:
- Zawiera MSM, ekstrakt z kory kadzidłowca, maksymalne dozwolone stężenie witaminy C oraz D3.
- Zawiera aż 12440 mg najwyższej jakości hydrolizowanego kolagenu w porcji,
- W 100% naturalny barwnik: wyciąg z czarnej marchwi.
Uwagi dotyczące produktu:
Surowiec użyty w produkcie jest pochodzenia zwierzęcego.
- W nowszych partiach znajduje się nowy, droższy ekstrakt Boswellia Serrata w formie drobnego proszku. Umożliwia to maksymalne wykorzystanie i poprawia jego przyswajalność w porównaniu do starszej wersji. Nowy ekstrakt, zamiast opadać na dno naczynia, unosi się na powierzchni, utrudniając wymieszanie produktu z wodą, ale wystarczy energicznie wymieszać go w szejkerze, zamiast użycia łyżki. Boswellia Serrata to najcenniejszy i najważniejszy składnik naszego kolagenu, dlatego zależy nam, by klient wyciągnął z niego jak najwyższe korzyści. W zależności od partii może się to zmieniać, ale kiedy tylko mamy możliwość, to sięgamy po możliwie najdrobniej zmielony ekstrakt.
- Produkt zawiera wysokie dawki witamin C i D3 oraz ekstrakt z Boswellia Serrata, które ze względu na działanie antyoksydacyjne, powinny być stosowane raczej kilka godzin przed lub po treningu, jeżeli jesteś osobą, której zależy na maksymalnym rozwoju masy mięśniowej. Stres oksydacyjny i stany zapalne stanowią jeden z czynników, który wzmaga hipertrofię mięśni po wysiłku, więc unika się spożycia podobnych substancji około treningowo.
Źródła:
- witamina D
https://pmc.ncbi.nlm.nih.gov/articles/PMC10623655/
- witamina C
https://pmc.ncbi.nlm.nih.gov/articles/PMC5707683/","<div class=""product-description""><p><strong>KFD Premium Collagen+</strong> to znany od lat i ceniony przez naszych klientów produkt, którego zadaniem jest uzupełnienie diety o najwyższej jakości hydrolizowany kolagen oraz witaminy C i D3 w maksymalnych dawkach dla dziennej porcji suplementu diety.</p><p>Produkt wzbogacono również o siarkę organiczną w formie <strong>MSM</strong> i <strong>kwas hialuronowy</strong>, a najcenniejszym składnikiem produktu jest <strong>ekstrakt z kadzidłowca</strong> (Boswellia Serrata) standaryzowany na aż <strong>65%</strong> kwasów boswelliowych.</p><p><strong>Witamina C</strong> zawarta w produkcie pomaga w prawidłowej produkcji kolagenu w celu zapewnienia prawidłowego funkcjonowania kości, chrząstek i skóry. Natomiast <strong>witamina D3</strong> pomaga w utrzymaniu zdrowych kości, zębów i w prawidłowym funkcjonowaniu układu odpornościowego.</p><p>Surowiec użyty do produkcji jest kolagenem produkowanym w Niemczech. Bez woni i nieprzyjemnego smaku.</p><p><strong>Zalety KFD Premium Collagen+:</strong></p><p>- Zawiera MSM, ekstrakt z kory kadzidłowca, maksymalne dozwolone stężenie witaminy C oraz D3.</p><p>- Zawiera aż 12440 mg najwyższej jakości hydrolizowanego kolagenu w porcji,</p><p>- W 100% naturalny barwnik: wyciąg z czarnej marchwi.</p><p><strong>Uwagi dotyczące produktu:</strong></p><p><b>Surowiec użyty w produkcie jest pochodzenia zwierzęcego.</b></p><p>- W nowszych partiach znajduje się nowy, droższy ekstrakt Boswellia Serrata w formie drobnego proszku. Umożliwia to maksymalne wykorzystanie i poprawia jego przyswajalność w porównaniu do starszej wersji. Nowy ekstrakt, zamiast opadać na dno naczynia, unosi się na powierzchni, utrudniając wymieszanie produktu z wodą, ale wystarczy energicznie wymieszać go w szejkerze, zamiast użycia łyżki. Boswellia Serrata to najcenniejszy i najważniejszy składnik naszego kolagenu, dlatego zależy nam, by klient wyciągnął z niego jak najwyższe korzyści. W zależności od partii może się to zmieniać, ale kiedy tylko mamy możliwość, to sięgamy po możliwie najdrobniej zmielony ekstrakt.</p><p>- Produkt zawiera wysokie dawki witamin C i D3 oraz ekstrakt z Boswellia Serrata, które ze względu na działanie antyoksydacyjne, powinny być stosowane raczej kilka godzin przed lub po treningu, jeżeli jesteś osobą, której zależy na maksymalnym rozwoju masy mięśniowej. Stres oksydacyjny i stany zapalne stanowią jeden z czynników, który wzmaga hipertrofię mięśni po wysiłku, więc unika się spożycia podobnych substancji około treningowo.</p><p><strong>Źródła:</strong></p><p>- witamina D</p><p><a href=""https://pmc.ncbi.nlm.nih.gov/articles/PMC10623655/"">https://pmc.ncbi.nlm.nih.gov/articles/PMC10623655/</a></p><p>- witamina C</p><p><a href=""https://pmc.ncbi.nlm.nih.gov/articles/PMC5707683/"">https://pmc.ncbi.nlm.nih.gov/articles/PMC5707683/</a></p></div>",41.99,https://sklep.kfd.pl/18130-medium_default/kfd-premium-collagen-plus-400-g-kolagen-msmwit-d3-wit-c-boswellia-serrata-.jpg,https://sklep.kfd.pl/18130-medium_default/kfd-premium-collagen-plus-400-g-kolagen-msmwit-d3-wit-c-boswellia-serrata-.jpg,tropikalny|grenadynowy|kiwi-agrest|truskawkowo-malinowy|pomarańczowo-cytrynowy,https://sklep.kfd.pl/kfd-pure-wpc-82-instant-700-g-bialko-serwatkowe-naturalne-p-6867.html|https://sklep.kfd.pl/kfd-vitamin-d3k2-mk7-200-kapsulek-p-4867.html|https://sklep.kfd.pl/nowy-kfd-regular-wpc-80-instant-bialko-750g-p-2451.html|https://sklep.kfd.pl/kfd-premium-xxl-09-kg-wpc-80-900-g-p-6908.html|https://sklep.kfd.pl/kfd-premium-wpi-90-700-g-izolat-p-7155.html,https://sklep.kfd.pl/9675-large_default/kfd-pure-wpc-82-instant-700-g-bialko-serwatkowe-naturalne.jpg|https://sklep.kfd.pl/9132-large_default/kfd-vitamin-d3k2-mk7-200-kapsulek.jpg|https://sklep.kfd.pl/11301-large_default/nowy-kfd-regular-wpc-80-instant-bialko-750g.jpg|https://sklep.kfd.pl/9607-large_default/kfd-premium-xxl-09-kg-wpc-80-900-g.jpg|https://sklep.kfd.pl/9333-large_default/kfd-premium-wpi-90-700-g-izolat.jpg
KFD Mg+Zn+B6 (ZMA/ZMB) - 135 tabletek,1,Strona główna/Zdrowie i kondycja/Witaminy i minerały/Minerały,"KFD Magnesium citrate + Zinc gluconate + Vitamin B6 (KFD ZMB) -
to połączenie 3 składników: magnezu - w organicznej formie cytrynianu, cynku - w formie glukonianu oraz witaminy B6.
Związki zawarte w produkcie (w wyniku uzupełnienia niedoborów) mogą mieć pozytywny wpływ m.in. na przemianę materii, układ nerwowy, syntezę białek i gospodarkę hormonalną, jak i jakość snu.
Produkt może być stosowany zarówno przez kobiety, jak i mężczyzn, których zapotrzebowanie na te składniki mineralne jest zwiększone. Jedno opakowanie produktu wystarcza na aż
45 dni
suplementacji.","<div class=""product-description""><p><strong>KFD Magnesium citrate + Zinc gluconate + Vitamin B6 (KFD ZMB) - </strong>to połączenie 3 składników: magnezu - w organicznej formie cytrynianu, cynku - w formie glukonianu oraz witaminy B6. </p><p>Związki zawarte w produkcie (w wyniku uzupełnienia niedoborów) mogą mieć pozytywny wpływ m.in. na przemianę materii, układ nerwowy, syntezę białek i gospodarkę hormonalną, jak i jakość snu.</p><p>Produkt może być stosowany zarówno przez kobiety, jak i mężczyzn, których zapotrzebowanie na te składniki mineralne jest zwiększone. Jedno opakowanie produktu wystarcza na aż <strong>45 dni</strong> suplementacji. </p><p></p></div>",23.99,https://sklep.kfd.pl/12638-medium_default/kfd-mgznb6-zmazmb-135-tabletek.jpg,https://sklep.kfd.pl/12638-medium_default/kfd-mgznb6-zmazmb-135-tabletek.jpg,,https://sklep.kfd.pl/kfd-zmb-comfort-cynk-magnez-b6-135-tabletek-p-8796.html|https://sklep.kfd.pl/kfd-vitapak-90-tabl-organiczne-mineraly-i-witaminy-p-4127.html|https://sklep.kfd.pl/kfd-multivitamin-minerals-24-tabl-witaminy-i-mineraly-musujace-p-8846.html|https://sklep.kfd.pl/kfd-protein-dessert-700g-kazeina-micelarna-premium-p-2828.html|https://sklep.kfd.pl/kfd-vitamin-d3-2000iu-240-kaps-az-240-porcji-p-7035.html,https://sklep.kfd.pl/18056-large_default/kfd-zmb-comfort-cynk-magnez-b6-135-tabletek.jpg|https://sklep.kfd.pl/9100-large_default/kfd-vitapak-90-tabl-organiczne-mineraly-i-witaminy.jpg|https://sklep.kfd.pl/18312-large_default/kfd-multivitamin-minerals-24-tabl-witaminy-i-mineraly-musujace.jpg|https://sklep.kfd.pl/9684-large_default/kfd-protein-dessert-700g-kazeina-micelarna-premium.jpg|https://sklep.kfd.pl/17860-large_default/kfd-vitamin-d3-2000iu-240-kaps-az-240-porcji.jpg
KFD Ashwagandha KSM-66 180 tabl.,1,Strona główna/Zdrowie i kondycja/Zdrowie/Adaptogeny,"Data ważności bieżącej partii to: 09.06.2027.
UWAGA –
GIS, a za nim Urząd Rejestracji Produktów Leczniczych, uznał, że dzielone tabletki (czyli np. 1 tabletka to 2 dzienne porcje) to produkt leczniczy. Wobec tego byliśmy zmuszeni do stworzenia nowej wersji produktu, gdzie jedna tabletka = 1 porcja.
Jednocześnie zwiększyliśmy ilość tabletek do
aż 180
w jednym opakowaniu oraz dodatkowo
obniżyliśmy cenę
:)
Produkt bazuje na jednym z najbardziej cenionych surowców na świecie -
KSM-66
.
KFD Ashwagandha KSM66
, to wyciąg z korzenia witani ospałej (Withania Somnifera), znanej od stuleci medycynie ajurwedyjskiej. W internecie dostępnych jest wiele badań oraz publikacji na temat właściwości witani ospałej.
Produkt KFD bazuje na
ekstrakcie standaryzowanym
(aż na 5% witanolidów (zawartość określana bardzo precyzyjną metodą HPLC)). Nie jest to tzw. zwykły ""susz"" bez standaryzacji.
Zgodnie z wytycznymi Zespołu do spraw Suplementów Diety przy Głównym Inspektoracie Sanitarnym, maksymalna dopuszczalna dzienna porcja witanolidów w suplementach diety wynosi 10 mg.
Źródła
- linki do badań i publikacji:
-
https://examine.com/supplements/ashwagandha/
-
https://www.ncbi.nlm.nih.gov/pmc/articles/PMC2996571/
-
https://www.ncbi.nlm.nih.gov/pubmed/23796876
-
https://www.ncbi.nlm.nih.gov/pubmed/21407960
-
http://www.sciencedirect.com/science/article/pii/S0944711304000789
-
http://onlinelibrary.wiley.com/doi/10.1111/j.1349-7006.2009.01236.x/full
-
https://www.ncbi.nlm.nih.gov/pmc/articles/PMC5020397/","<div class=""product-description""><p><b>Data ważności bieżącej partii to: 09.06.2027.</b><b></b></p><p><b>UWAGA – </b>GIS, a za nim Urząd Rejestracji Produktów Leczniczych, uznał, że dzielone tabletki (czyli np. 1 tabletka to 2 dzienne porcje) to produkt leczniczy. Wobec tego byliśmy zmuszeni do stworzenia nowej wersji produktu, gdzie jedna tabletka = 1 porcja.</p><p>Jednocześnie zwiększyliśmy ilość tabletek do <strong>aż 180</strong> w jednym opakowaniu oraz dodatkowo <strong>obniżyliśmy cenę</strong> :)</p><p>Produkt bazuje na jednym z najbardziej cenionych surowców na świecie -<strong> KSM-66</strong>.</p><p><strong>KFD Ashwagandha KSM66</strong>, to wyciąg z korzenia witani ospałej (Withania Somnifera), znanej od stuleci medycynie ajurwedyjskiej. W internecie dostępnych jest wiele badań oraz publikacji na temat właściwości witani ospałej. </p><p>Produkt KFD bazuje na <strong>ekstrakcie standaryzowanym</strong> (aż na 5% witanolidów (zawartość określana bardzo precyzyjną metodą HPLC)). Nie jest to tzw. zwykły ""susz"" bez standaryzacji. <br/><br/>Zgodnie z wytycznymi Zespołu do spraw Suplementów Diety przy Głównym Inspektoracie Sanitarnym, maksymalna dopuszczalna dzienna porcja witanolidów w suplementach diety wynosi 10 mg.</p><p><strong>Źródła</strong> - linki do badań i publikacji:</p><p>- <a href=""https://examine.com/supplements/ashwagandha/"" rel=""noreferrer noopener"" target=""_blank"">https://examine.com/supplements/ashwagandha/</a> <br/>- <a href=""https://www.ncbi.nlm.nih.gov/pmc/articles/PMC2996571/"" rel=""noreferrer noopener"" target=""_blank"">https://www.ncbi.nlm.nih.gov/pmc/articles/PMC2996571/</a> <strong><br/></strong>- <a href=""https://www.ncbi.nlm.nih.gov/pubmed/23796876"" rel=""noreferrer noopener"" target=""_blank"">https://www.ncbi.nlm.nih.gov/pubmed/23796876<br/></a>- <a href=""https://www.ncbi.nlm.nih.gov/pubmed/21407960"" rel=""noreferrer noopener"" target=""_blank"">https://www.ncbi.nlm.nih.gov/pubmed/21407960<br/></a>- <a href=""http://www.sciencedirect.com/science/article/pii/S0944711304000789"" rel=""noreferrer noopener"" target=""_blank"">http://www.sciencedirect.com/science/article/pii/S0944711304000789<br/></a>- <a href=""http://onlinelibrary.wiley.com/doi/10.1111/j.1349-7006.2009.01236.x/full"" rel=""noreferrer noopener"" target=""_blank"">http://onlinelibrary.wiley.com/doi/10.1111/j.1349-7006.2009.01236.x/full<br/></a>- <a href=""https://www.ncbi.nlm.nih.gov/pmc/articles/PMC5020397/"" rel=""noreferrer noopener"" target=""_blank"">https://www.ncbi.nlm.nih.gov/pmc/articles/PMC5020397/</a></p><p><iframe frameborder=""0"" height=""315"" src=""https://www.youtube.com/embed/VOrQCXYg4fo"" width=""560""></iframe></p></div>",32.99,https://sklep.kfd.pl/14852-medium_default/kfd-ashwagandha-ksm-66-180-tabl.jpg,https://sklep.kfd.pl/14852-medium_default/kfd-ashwagandha-ksm-66-180-tabl.jpg,,https://sklep.kfd.pl/kfd-ashwagandha-ksm-66-90-tabl-p-8694.html|https://sklep.kfd.pl/kfd-forskolin-90-tabl-forskolina-p-6799.html|https://sklep.kfd.pl/kfd-chromium-200-kaps-pikolinian-chromu-p-7049.html|https://sklep.kfd.pl/kfd-premium-eaa-375-g-aminokwasy-egzogenne-p-7097.html|https://sklep.kfd.pl/kfd-premium-creatine-250-g-kreatyna-monohydrat-p-8046.html,https://sklep.kfd.pl/16768-large_default/kfd-ashwagandha-ksm-66-90-tabl.jpg|https://sklep.kfd.pl/11243-large_default/kfd-forskolin-90-tabl-forskolina.jpg|https://sklep.kfd.pl/12639-large_default/kfd-chromium-200-kaps-pikolinian-chromu.jpg|https://sklep.kfd.pl/13840-large_default/kfd-premium-eaa-375-g-aminokwasy-egzogenne.jpg|https://sklep.kfd.pl/13776-large_default/kfd-premium-creatine-250-g-kreatyna-monohydrat.jpg
KFD Premium X-Gainer - 1000 g,1,Strona główna/Odżywki i suplementy/Odżywki na masę/Gainery - Odżywki na masę,"UWAGA! Smaki czekoladowe - różnica w cenie wynika z różnicy w podatku VAT produktów zawierających kakao (zwykłe smaki - 8% VAT, z kakao - aż 23%).
Wariant
""ciasteczkowy""
dla wzbogacenia kompozycji smakowej od zawsze zawiera aromat rumu. Alkoholowy zapach i posmak białka jest prawidłowy i warto to mieć na uwadze planując zakupy.
Produkt zawiera niezwykle cenne źródło węglowodanów w postaci zmielonych płatków owsianych (płatki się nie rozpuszczą tak jak rozpuszcza się zwykły cukier, czy dekstroza).
KFD Premium X-GNR
to mieszanka dobrej jakości węglowodanów (w tym zmielonych płatków owsianych I gatunku) oraz dwóch rodzajów białka - serwatkowego (WPC) i kazeiny micelarnej. Produkt został dodatkowo wzbogacony o L-Glutaminę.
Kompozycja węglowodanów o zróżnicowanym czasie wchłaniania (zmielone płatki owsiane, modyfikowana skrobia kukurydziana, czyli waxy maize, oraz niewielki dodatek dekstrozy) ma za zadanie zapewnić stopniowy dopływ energii. Koncentrat białka serwatkowego (WPC 80) odznacza się wysoką czystością, natomiast kazeina micelarna stopniowo uwalnia peptydy.
3 powody, dla których warto naszym zdaniem sięgnąć po
KFD Premium X-GNR
:
- stanowi źródło różnych węglowodanów, dzięki czemu zapewnia stopniowy dopływ energii,
- w produkcie użyto dwóch frakcji białek (pochodzenia zwierzęcego) o różnym czasie wchłaniania,
- dostarcza niezbędnych kalorii w procesie budowania masy mięśniowej, m.in. z pełnowartościowych płatków owsianych.","<div class=""product-description""><p dir=""ltr""><strong>UWAGA! Smaki czekoladowe - różnica w cenie wynika z różnicy w podatku VAT produktów zawierających kakao (zwykłe smaki - 8% VAT, z kakao - aż 23%).<br/></strong></p><p dir=""ltr"">Wariant <strong>""ciasteczkowy""</strong> dla wzbogacenia kompozycji smakowej od zawsze zawiera aromat rumu. Alkoholowy zapach i posmak białka jest prawidłowy i warto to mieć na uwadze planując zakupy.</p><p dir=""ltr"">Produkt zawiera niezwykle cenne źródło węglowodanów w postaci zmielonych płatków owsianych (płatki się nie rozpuszczą tak jak rozpuszcza się zwykły cukier, czy dekstroza).</p><p><strong>KFD Premium X-GNR </strong>to mieszanka dobrej jakości węglowodanów (w tym zmielonych płatków owsianych I gatunku) oraz dwóch rodzajów białka - serwatkowego (WPC) i kazeiny micelarnej. Produkt został dodatkowo wzbogacony o  L-Glutaminę.</p><p>Kompozycja węglowodanów o zróżnicowanym czasie wchłaniania (zmielone płatki owsiane, modyfikowana skrobia kukurydziana, czyli waxy maize, oraz niewielki dodatek dekstrozy) ma za zadanie zapewnić stopniowy dopływ energii. Koncentrat białka serwatkowego (WPC 80) odznacza się wysoką czystością, natomiast kazeina micelarna stopniowo uwalnia peptydy.</p><p dir=""ltr"">3 powody, dla których warto naszym zdaniem sięgnąć po <strong>KFD Premium X-GNR</strong>:</p><p dir=""ltr"">- stanowi źródło różnych węglowodanów, dzięki czemu zapewnia stopniowy dopływ energii,<br/>- w produkcie użyto dwóch frakcji białek (pochodzenia zwierzęcego) o różnym czasie wchłaniania,<br/>- dostarcza niezbędnych kalorii w procesie budowania masy mięśniowej, m.in. z pełnowartościowych płatków owsianych.</p></div>",39.99,https://sklep.kfd.pl/9769-medium_default/kfd-premium-x-gainer-1000-g.jpg,https://sklep.kfd.pl/9769-medium_default/kfd-premium-x-gainer-1000-g.jpg,kokosowy|bananowo-truskawkowy|biała czekolada|czekoladowy (z kakao)|lody waniliowe|czekoladowo-karmelowy|karmelowo-mleczny|śmietankowo-biszkoptowy|waniliowo-truskawkowy|waniliowo-bananowy,https://sklep.kfd.pl/kfd-premium-x-whey-wpi-wpc-wphgold-mix-540-g-p-4397.html|https://sklep.kfd.pl/kfd-premium-wpi-90-700-g-izolat-p-7155.html|https://sklep.kfd.pl/kfd-regular-wpc-80-3000-g-bialko-serwatkowe-instant-p-7087.html|https://sklep.kfd.pl/kfd-premium-wpc-82-700-g-bialko-p-4077.html|https://sklep.kfd.pl/kfd-protein-dessert-700g-kazeina-micelarna-premium-p-2828.html,https://sklep.kfd.pl/12640-large_default/kfd-premium-x-whey-wpi-wpc-wphgold-mix-540-g.jpg|https://sklep.kfd.pl/9333-large_default/kfd-premium-wpi-90-700-g-izolat.jpg|https://sklep.kfd.pl/13345-large_default/kfd-regular-wpc-80-3000-g-bialko-serwatkowe-instant.jpg|https://sklep.kfd.pl/9604-large_default/kfd-premium-wpc-82-700-g-bialko.jpg|https://sklep.kfd.pl/9684-large_default/kfd-protein-dessert-700g-kazeina-micelarna-premium.jpg
KFD Krem Orzechowy z Arachidów 100% Smooth / Peanut Cream - 1000 g,1,Strona główna/Zdrowa Żywność/Kuchnia i dieta/Masła i kremy,"Krem orzechowy z arachidów
to w 100% naturalny krem orzechowy z prażonych orzeszków ziemnych, pozyskiwany naturalnymi metodami produkcji poprzez poddawanie orzechów mieleniu bez jakichkolwiek dodatków, aż do uzyskania gładkiej konsystencji.
Nasz produkt nie zawiera żadnych dodatków, dzięki czemu jest zdrowszą alternatywą dla wielu produktów tego typu (past i kremów orzechowych), które można znaleźć w sklepach. Jest to - naszym zdaniem - świetne rozwiązanie dla wszystkich pasjonatów sportu, zdrowego stylu życia i odżywiania, ponieważ nie tylko zaspokaja ochotę na słodycze, ale także dostarcza wielu wartości odżywczych.
KFD Krem orzechowy z arachidów
to produkt o wysokiej zawartości błonnika pokarmowego oraz tłuszczów nienasyconych (jedno- i wielonienasyconych kwasów tłuszczowych), a także bogate źródło białka roślinnego, witamin i minerałów (szczególnie witaminy B3 i potasu) [1].
Ten produkt jest w wersji smooth – ma gładką, kremową konsystencję.
KFD Krem orzechowy
z arachidów nie zawiera dodatku:
- Oleju palmowego
- Soli
- Cukru
Źródło:
[1] -
https://ndb.nal.usda.gov/ndb/search/list
Uwagi dotyczące produktu:
Ze względu na to że krem jest w 100% naturalny i nie zawiera żadnych substancji utwardzających, wydziela się naturalny olej. Przed użyciem należy wymieszać.
Olej może powodować odklejanie się wieka zabezpieczającego przy odkręcaniu nakrętki - nie oznacza to uszkodzenia produktu lub że produkt nie jest w pełni wartościowy.
Przechowywać w suchym, chłodnym miejscu. Po otwarciu spożyć w przeciągu 3 miesięcy.","<div class=""product-description""><p><strong>Krem orzechowy z arachidów</strong> to w 100% naturalny krem orzechowy z prażonych orzeszków ziemnych, pozyskiwany naturalnymi metodami produkcji poprzez poddawanie orzechów mieleniu bez jakichkolwiek dodatków, aż do uzyskania gładkiej konsystencji.</p><p>Nasz produkt nie zawiera żadnych dodatków, dzięki czemu jest zdrowszą alternatywą dla wielu produktów tego typu (past i kremów orzechowych), które można znaleźć w sklepach. Jest to - naszym zdaniem - świetne rozwiązanie dla wszystkich pasjonatów sportu, zdrowego stylu życia i odżywiania, ponieważ nie tylko zaspokaja ochotę na słodycze, ale także dostarcza wielu wartości odżywczych.</p><p><strong>KFD Krem orzechowy z arachidów</strong> to produkt o wysokiej zawartości błonnika pokarmowego oraz tłuszczów nienasyconych (jedno- i wielonienasyconych kwasów tłuszczowych), a także bogate źródło białka roślinnego, witamin i minerałów (szczególnie witaminy B3 i potasu) [1].</p><p>Ten produkt jest w wersji smooth – ma gładką, kremową konsystencję.</p><p><strong>KFD Krem orzechowy</strong> z arachidów nie zawiera dodatku:</p><p>- Oleju palmowego</p><p>- Soli</p><p>- Cukru</p><p>Źródło:</p><p><span id=""docs-internal-guid-536b8829-ed91-26b0-a6d3-5d031827a1b5"">[1] - <a href=""https://ndb.nal.usda.gov/ndb/search/list"">https://ndb.nal.usda.gov/ndb/search/list</a></span></p><p><strong>Uwagi dotyczące produktu:</strong></p><p>Ze względu na to że krem jest w 100% naturalny i nie zawiera żadnych substancji utwardzających, wydziela się naturalny olej. Przed użyciem należy wymieszać. <strong>Olej może powodować odklejanie się wieka zabezpieczającego przy odkręcaniu nakrętki - nie oznacza to uszkodzenia produktu lub że produkt nie jest w pełni wartościowy.</strong></p><p>Przechowywać w suchym, chłodnym miejscu. Po otwarciu spożyć w przeciągu 3 miesięcy. </p></div>",19.99,https://sklep.kfd.pl/14810-medium_default/kfd-krem-orzechowy-z-arachidow-100-smooth-peanut-cream-1000-g.jpg,https://sklep.kfd.pl/14810-medium_default/kfd-krem-orzechowy-z-arachidow-100-smooth-peanut-cream-1000-g.jpg,,https://sklep.kfd.pl/kfd-krem-orzechowy-z-arachidow-100-crunchy-peanut-cream-1000-g-p-5587.html|https://sklep.kfd.pl/kfd-krem-orzechowy-z-migdalow-100-smooth-1000-g-i-gatunek-p-5588.html|https://sklep.kfd.pl/kfd-krem-orzechowy-z-nerkowcow-100-soft-crunchy-1000-g-i-gatunek-p-5589.html|https://sklep.kfd.pl/kfd-pasta-pistacjowa-400-g-p-6837.html|https://sklep.kfd.pl/kfd-delicates-peanut-powder-250-g-odtluszczone-arachidy-w-proszku-p-8456.html,https://sklep.kfd.pl/14750-large_default/kfd-krem-orzechowy-z-arachidow-100-crunchy-peanut-cream-1000-g.jpg|https://sklep.kfd.pl/15034-large_default/kfd-krem-orzechowy-z-migdalow-100-smooth-1000-g-i-gatunek.jpg|https://sklep.kfd.pl/17846-large_default/kfd-krem-orzechowy-z-nerkowcow-100-soft-crunchy-1000-g-i-gatunek.jpg|https://sklep.kfd.pl/14772-large_default/kfd-pasta-pistacjowa-400-g.jpg|https://sklep.kfd.pl/17934-large_default/kfd-delicates-peanut-powder-250-g-odtluszczone-arachidy-w-proszku.jpg
KFD Premium Citrulline - 400 g (Cytrulina),1,Strona główna/Odżywki i suplementy/Odżywki Przedtreningowe/Cytrulina,"Uwaga:
jabłczan cytruliny wykazuje silne właściwości higroskopijne (zbryla się). Jest to naturalna cecha. Nie dodajemy sztucznych przeciwzbrylaczy czy substancji, które blokują ten proces. Zbrylanie się nie wpływa w żadnym sposób na produkt, nie dochodzi do reakcji chemicznych i jabłczan cytruliny nadal jest tym samym jabłczanem cytruliny. Już sam surowiec jest dość mocno zbrylony, dlatego podczas produkcji używamy specjalnych młynków, aby doprowadzić go do sypkiej postaci oraz by proces konfekcjonowania mógł w ogóle się odbyć. Produkt ponownie zaczyna się zbrylać już po kilku godzinach od tego momentu.
KFD Premium Citrulline
to aż 400 g najwyższej jakości Jabłczanu L-Cytruliny z dodatkiem naszej autorskiej receptury smakowej. Produkt nie zawiera zbędnych wypełniaczy jak np. tańsze aminokwasy.
Cytrulina według publikacji naukowych może się przyczynić do wzrostu wydolności treningowej
1
, podniesienia stężenia tlenku azotu we krwi oraz spotęgowania efektu tak zwanej pompy mięśniowej.
KFD Premium Citrulline to:
- aż 80 porcji produktu w dobrej cenie
- wyjątkowa receptura smakowa,
- bardzo dobra rozpuszczalność
Źródło:
1.
http://bjsm.bmj.com/content/36/4/282.long","<div class=""product-description""><p><strong>Uwaga:</strong> jabłczan cytruliny wykazuje silne właściwości higroskopijne (zbryla się). Jest to naturalna cecha. Nie dodajemy sztucznych przeciwzbrylaczy czy substancji, które blokują ten proces. Zbrylanie się nie wpływa w żadnym sposób na produkt, nie dochodzi do reakcji chemicznych i jabłczan cytruliny  nadal jest tym samym jabłczanem cytruliny. Już sam surowiec jest dość mocno zbrylony, dlatego podczas produkcji używamy specjalnych młynków, aby doprowadzić go do sypkiej postaci oraz by proces konfekcjonowania mógł w ogóle się odbyć. Produkt ponownie zaczyna się zbrylać już po kilku godzinach od tego momentu.<strong></strong></p><p><strong>KFD Premium Citrulline</strong> to aż 400 g najwyższej jakości Jabłczanu L-Cytruliny z dodatkiem naszej autorskiej receptury smakowej. Produkt nie zawiera zbędnych wypełniaczy jak np. tańsze aminokwasy.</p><p>Cytrulina według publikacji naukowych może się przyczynić do wzrostu wydolności treningowej <sup><a href=""http://bjsm.bmj.com/content/36/4/282.long"">1</a></sup>, podniesienia stężenia tlenku azotu we krwi oraz spotęgowania efektu tak zwanej pompy mięśniowej.</p><p><strong>KFD Premium Citrulline to:</strong></p><p>- aż 80 porcji produktu w dobrej cenie<br/>- wyjątkowa receptura smakowa,<br/>- bardzo dobra rozpuszczalność</p><p></p><p>Źródło:</p><p>1. <a href=""http://bjsm.bmj.com/content/36/4/282.long"">http://bjsm.bmj.com/content/36/4/282.long</a></p></div>",34.99,https://sklep.kfd.pl/9178-medium_default/kfd-premium-citrulline-400-g-cytrulina.jpg,https://sklep.kfd.pl/9178-medium_default/kfd-premium-citrulline-400-g-cytrulina.jpg,tropikalny|lemoniada|oranżada|sex on the beach|cola - limonka,https://sklep.kfd.pl/kfd-pure-citrulline-malate-400-g-cytrulina-p-6319.html|https://sklep.kfd.pl/kfd-crea-pwr-500-g-pre-workout-z-kreatyna-creapure-p-8358.html|https://sklep.kfd.pl/kfd-protein-dessert-700g-kazeina-micelarna-premium-p-2828.html|https://sklep.kfd.pl/kfd-premium-glutamine-500-g-glutamina-p-4141.html|https://sklep.kfd.pl/kfd-premium-wpi-90-700-g-izolat-p-7155.html,https://sklep.kfd.pl/12919-large_default/kfd-pure-citrulline-malate-400-g-cytrulina.jpg|https://sklep.kfd.pl/14782-large_default/kfd-crea-pwr-500-g-pre-workout-z-kreatyna-creapure.jpg|https://sklep.kfd.pl/9684-large_default/kfd-protein-dessert-700g-kazeina-micelarna-premium.jpg|https://sklep.kfd.pl/9433-large_default/kfd-premium-glutamine-500-g-glutamina.jpg|https://sklep.kfd.pl/9333-large_default/kfd-premium-wpi-90-700-g-izolat.jpg
KFD Premium WPI 90 - 700 g (białko - Izolat),1,Strona główna/Odżywki i suplementy/Białko/Izolat białka,"UWAGA! Smaki czekoladowe - różnica w cenie wynika z różnicy w podatku VAT produktów zawierających kakao (zwykłe smaki - 8% VAT, z kakao - aż 23%).
KFD Premium WPI 90
to produkt bazujący na doskonałym izolacie białka serwatkowego. Produkt charakteryzuje się dobrą kompozycją smakową oraz czystością - zawiera ponad 90% białka w suchej masie w gotowym produkcie! Od teraz w opakowaniu znajdziesz aż 700 g naszego izolatu.
Wykorzystywany surowiec jest instantyzowany - to znaczy, że cechuje się dobrą rozpuszczalnością.
Produkt firmy KFD uzyskiwany jest przy wykorzystaniu procesu ultrafiltracji, w którym tłuszcze oraz cukry są efektywniej separowane od białek.
Ponadto w skład WPI wchodzą wyjątkowe frakcje serwatki, takie jak glikomakropeptydy, alfa i beta-laktoalbuminy oraz immunoglobuliny.
Uwagi dotyczące produktu:
Wartości odżywcze mogą się różnić ok. 2-8% w zależności od wersji smakowej. Wartości deklarowane są uśrednione dla wszystkich wersji smakowych.
Warto dodać, że wersja naturalna może zawierać nawet
aż 91-94 % białka
w suchej masie (w zależności od partii).
Przy niektórych smakach, w tym owocowych np. zawierających
kwasek cytrynowy (jako regulator kwasowości)
, należy nieco delikatniej mieszać, aby unikać powstawania piany. Izolat białka serwatkowego zawiera bardzo mało tłuszczu, przez co, przy intensywnym mieszaniu, może powstawać piana. Produkt jest instantyzowany, zatem do wymieszania można użyć łyżki zamiast shakera. Zawsze powinno się sypać proch do wody czy mleka, a nie na odwrót.","<div class=""product-description""><p><strong>UWAGA! Smaki czekoladowe - różnica w cenie wynika z różnicy w podatku VAT produktów zawierających kakao (zwykłe smaki - 8% VAT, z kakao - aż 23%).</strong><strong></strong></p><p><strong>KFD Premium WPI 90</strong> to produkt bazujący na doskonałym izolacie białka serwatkowego. Produkt charakteryzuje się dobrą kompozycją smakową oraz czystością - zawiera ponad 90% białka w suchej masie w gotowym produkcie! Od teraz w opakowaniu znajdziesz aż 700 g naszego izolatu.</p><p>Wykorzystywany surowiec jest instantyzowany - to znaczy, że cechuje się dobrą rozpuszczalnością.</p><center><p><iframe frameborder=""0"" height=""315"" src=""https://www.youtube.com/embed/-FU7nLv7gZs"" style='background-image:url(""img/object.gif"");margin-left:auto;margin-right:auto;' title=""YouTube video player"" width=""560""></iframe></p></center><p></p><p>Produkt firmy KFD uzyskiwany jest przy wykorzystaniu procesu ultrafiltracji, w którym tłuszcze oraz cukry są efektywniej separowane od białek.</p><p>Ponadto w skład WPI wchodzą wyjątkowe frakcje serwatki, takie jak glikomakropeptydy, alfa i beta-laktoalbuminy oraz immunoglobuliny. </p><p><strong>Uwagi dotyczące produktu:</strong></p><p>Wartości odżywcze mogą się różnić ok. 2-8% w zależności od wersji smakowej. Wartości deklarowane są uśrednione dla wszystkich wersji smakowych. </p><p>Warto dodać, że wersja naturalna może zawierać nawet <strong>aż 91-94 % białka</strong> w suchej masie (w zależności od partii). <br/><br/>Przy niektórych smakach, w tym owocowych np. zawierających <strong>kwasek cytrynowy (jako regulator kwasowości)</strong>, należy nieco delikatniej mieszać, aby unikać powstawania piany. Izolat białka serwatkowego zawiera bardzo mało tłuszczu, przez co, przy intensywnym mieszaniu, może powstawać piana. Produkt jest instantyzowany, zatem do wymieszania można użyć łyżki zamiast shakera. Zawsze powinno się sypać proch do wody czy mleka, a nie na odwrót. </p></div>",122.99,https://sklep.kfd.pl/9395-medium_default/kfd-premium-wpi-90-700-g-izolat.jpg,https://sklep.kfd.pl/9395-medium_default/kfd-premium-wpi-90-700-g-izolat.jpg,kokosowy|wafelkowy|pistacjowy|masło orzechowe|czekoladowo-karmelowy|waniliowo-truskawkowy|lodów tradycyjnych,https://sklep.kfd.pl/kfd-premium-x-whey-wpi-wpc-wphgold-mix-540-g-p-4397.html|https://sklep.kfd.pl/kfd-premium-wpc-82-700-g-bialko-p-4077.html|https://sklep.kfd.pl/kfd-regular-wpc-80-3000-g-bialko-serwatkowe-instant-p-7087.html|https://sklep.kfd.pl/kfd-premium-xxl-09-kg-wpc-80-900-g-p-6908.html|https://sklep.kfd.pl/kfd-premium-x-gainer-1000-g-p-4138.html,https://sklep.kfd.pl/12640-large_default/kfd-premium-x-whey-wpi-wpc-wphgold-mix-540-g.jpg|https://sklep.kfd.pl/9604-large_default/kfd-premium-wpc-82-700-g-bialko.jpg|https://sklep.kfd.pl/13345-large_default/kfd-regular-wpc-80-3000-g-bialko-serwatkowe-instant.jpg|https://sklep.kfd.pl/9607-large_default/kfd-premium-xxl-09-kg-wpc-80-900-g.jpg|https://sklep.kfd.pl/9769-large_default/kfd-premium-x-gainer-1000-g.jpg
